player,player_id,position,player_game_count,team_name,snap_counts_total,snap_counts_pass_rush,snap_counts_run_defense,snap_counts_coverage,grades_defense,grades_run_defense,grades_tackle,grades_pass_rush_defense,grades_coverage_defense,total_pressures,sacks,hits,hurries,batted_passes,tackles,assists,missed_tackles,stops,forced_fumbles,targets,receptions,yards,yards_per_reception,yards_after_catch,longest,touchdowns,interceptions,pass_break_ups,qb_rating_against,penalties,declined_penalties,season,week
Julius Peppers,1010,ED,1,GB,42,33,7,2,59.4,50.9,71.7,61.6,61.4,1.0,0.0,0.0,1.0,0.0,2.0,0.0,0.0,1.0,0.0,0.0,0.0,0.0,,0.0,,0.0,0.0,0.0,0.0,0,0,2016,16
Dwight Freeney,1019,ED,1,ATL,25,20,5,0,57.4,62.0,,55.0,,2.0,0.0,0.0,2.0,0.0,0.0,0.0,0.0,0.0,0.0,0.0,0.0,0.0,,0.0,,0.0,0.0,0.0,0.0,0,0,2016,16
James Harrison,1251,ED,1,PIT,75,31,26,18,80.0,79.1,80.7,60.8,77.5,5.0,0.0,0.0,5.0,0.0,9.0,2.0,0.0,6.0,0.0,2.0,2.0,6.0,3.0,8.0,5.0,0.0,0.0,0.0,79.2,0,0,2016,16
Terence Newman,1321,CB,1,MIN,38,0,12,26,67.6,72.3,76.6,,64.6,0.0,0.0,0.0,0.0,0.0,3.0,0.0,0.0,1.0,0.0,3.0,2.0,20.0,10.0,2.0,15.0,0.0,0.0,0.0,85.4,0,0,2016,16
Terrell Suggs,1326,ED,1,BLT,42,24,18,0,37.1,39.5,,48.3,,0.0,0.0,0.0,0.0,0.0,0.0,0.0,0.0,0.0,0.0,0.0,0.0,0.0,,0.0,,0.0,0.0,0.0,0.0,0,0,2016,16
Robert Mathis,1447,ED,1,IND,30,15,14,1,45.6,42.6,,56.1,60.0,0.0,0.0,0.0,0.0,0.0,0.0,0.0,0.0,0.0,0.0,0.0,0.0,0.0,,0.0,,0.0,0.0,0.0,0.0,0,0,2016,16
Cullen Jenkins,1637,DI,1,WAS,25,16,9,0,43.8,41.4,68.1,58.2,,1.0,0.0,0.0,1.0,0.0,1.0,0.0,0.0,1.0,0.0,0.0,0.0,0.0,,0.0,,0.0,0.0,0.0,0.0,0,0,2016,16
Vince Wilfork,1742,DI,1,HST,34,20,14,0,72.4,73.4,70.7,58.3,,1.0,0.0,0.0,1.0,0.0,3.0,0.0,0.0,3.0,0.0,0.0,0.0,0.0,,0.0,,0.0,0.0,0.0,0.0,0,0,2016,16
Karlos Dansby,1754,LB,1,CIN,45,1,21,23,82.0,70.7,82.0,60.0,73.6,0.0,0.0,0.0,0.0,0.0,5.0,4.0,0.0,3.0,0.0,3.0,2.0,18.0,9.0,6.0,14.0,0.0,0.0,1.0,82.6,1,1,2016,16
Daryl Smith,1760,LB,1,TB,44,5,24,15,60.3,54.6,77.1,53.1,68.8,0.0,0.0,0.0,0.0,0.0,4.0,1.0,0.0,1.0,0.0,1.0,1.0,7.0,7.0,1.0,7.0,0.0,0.0,0.0,95.8,0,0,2016,16
Antonio Smith,1856,DI,1,HST,17,11,6,0,42.7,46.7,66.8,53.7,,0.0,0.0,0.0,0.0,0.0,1.0,0.0,0.0,0.0,0.0,0.0,0.0,0.0,,0.0,,0.0,0.0,0.0,0.0,0,0,2016,16
Mike Adams,1972,S,1,IND,76,4,38,34,56.0,58.6,30.0,57.9,56.1,0.0,0.0,0.0,0.0,0.0,5.0,1.0,4.0,3.0,0.0,2.0,2.0,1.0,0.5,6.0,1.0,0.0,0.0,0.0,79.2,0,0,2016,16
Adam Jones,2223,CB,1,CIN,64,0,23,41,51.4,64.7,45.2,,53.9,0.0,0.0,0.0,0.0,0.0,4.0,0.0,1.0,2.0,0.0,7.0,5.0,52.0,10.4,27.0,21.0,0.0,0.0,0.0,92.6,3,0,2016,16
DeMarcus Ware,2228,ED,1,DEN,26,14,10,2,62.1,70.4,70.5,63.8,43.2,2.0,0.0,0.0,2.0,0.0,0.0,1.0,0.0,0.0,0.0,1.0,1.0,20.0,20.0,16.0,20.0,0.0,0.0,0.0,118.8,0,0,2016,16
Thomas Davis Sr.,2231,LB,1,CAR,63,8,23,32,47.0,42.0,61.8,68.6,53.0,2.0,0.0,0.0,2.0,0.0,9.0,1.0,1.0,5.0,0.0,5.0,5.0,69.0,13.8,19.0,31.0,1.0,0.0,0.0,158.3,0,0,2016,16
Jonathan Babineaux,2276,DI,1,ATL,27,17,10,0,64.1,55.5,67.3,69.0,,3.0,0.0,0.0,3.0,0.0,0.0,1.0,0.0,0.0,0.0,0.0,0.0,0.0,,0.0,,0.0,0.0,0.0,0.0,0,0,2016,16
Trent Cole,2363,ED,1,IND,37,21,15,1,64.7,68.0,74.5,56.4,60.0,1.0,1.0,0.0,0.0,0.0,3.0,0.0,0.0,4.0,0.0,0.0,0.0,0.0,,0.0,,0.0,0.0,0.0,0.0,0,0,2016,16
Lorenzo Alexander,2476,ED,1,BUF,66,27,37,2,56.7,58.3,54.0,69.3,50.2,2.0,0.0,1.0,1.0,1.0,5.0,0.0,1.0,3.0,0.0,0.0,0.0,0.0,,0.0,,0.0,0.0,0.0,0.0,1,0,2016,16
Ahmad Brooks,2945,ED,1,SF,48,23,22,3,66.6,74.7,73.2,52.2,62.8,1.0,0.0,0.0,1.0,1.0,2.0,1.0,0.0,2.0,0.0,1.0,1.0,3.0,3.0,3.0,3.0,0.0,0.0,0.0,79.2,0,0,2016,16
Mario Williams,2946,ED,1,MIA,13,9,4,0,44.5,51.8,,51.1,,0.0,0.0,0.0,0.0,0.0,0.0,0.0,0.0,0.0,0.0,0.0,0.0,0.0,,0.0,,0.0,0.0,0.0,0.0,0,0,2016,16
Donte Whitner,2953,S,1,WAS,34,0,18,16,72.6,63.7,83.6,,70.2,0.0,0.0,0.0,0.0,0.0,4.0,1.0,0.0,1.0,0.0,2.0,0.0,0.0,,0.0,,0.0,0.0,0.0,39.6,0,0,2016,16
Haloti Ngata,2957,DI,1,DET,37,16,19,2,57.1,57.5,65.9,60.4,58.9,0.0,0.0,0.0,0.0,0.0,1.0,0.0,0.0,1.0,0.0,0.0,0.0,0.0,,0.0,,0.0,0.0,0.0,0.0,0,0,2016,16
Chad Greenway,2962,LB,1,MIN,13,0,5,8,80.8,64.0,73.3,,78.2,0.0,0.0,0.0,0.0,0.0,1.0,0.0,0.0,1.0,0.0,1.0,1.0,1.0,1.0,0.0,1.0,0.0,0.0,0.0,79.2,0,0,2016,16
Tamba Hali,2965,ED,1,KC,36,30,6,0,55.1,60.9,70.5,53.8,,1.0,0.0,0.0,1.0,0.0,1.0,0.0,0.0,0.0,0.0,0.0,0.0,0.0,,0.0,,0.0,0.0,0.0,0.0,0,0,2016,16
Johnathan Joseph,2969,CB,1,HST,45,0,12,33,60.1,62.0,75.1,,59.3,0.0,0.0,0.0,0.0,0.0,2.0,0.0,1.0,0.0,0.0,5.0,3.0,31.0,10.3,14.0,15.0,0.0,0.0,0.0,77.9,0,0,2016,16
Roman Harper,2988,S,1,NO,38,1,14,23,70.4,68.4,81.2,60.0,66.6,0.0,0.0,0.0,0.0,0.0,5.0,0.0,0.0,0.0,0.0,3.0,1.0,24.0,24.0,7.0,24.0,0.0,0.0,1.0,63.2,0,0,2016,16
Darryl Tapp,3008,ED,1,NO,15,9,6,0,63.8,61.2,70.6,61.0,60.0,1.0,0.0,1.0,0.0,0.0,2.0,0.0,0.0,2.0,0.0,0.0,0.0,0.0,,0.0,,0.0,0.0,0.0,0.0,0,0,2016,16
Frostee Rucker,3036,DI,1,ARZ,30,21,8,1,67.1,62.5,,64.7,60.0,1.0,0.0,0.0,1.0,0.0,0.0,0.0,0.0,0.0,0.0,0.0,0.0,0.0,,0.0,,0.0,0.0,0.0,0.0,0,0,2016,16
Will Blackmon,3060,S,1,WAS,34,0,6,28,81.4,60.0,31.5,,76.0,0.0,0.0,0.0,0.0,0.0,1.0,0.0,1.0,0.0,0.0,2.0,1.0,32.0,32.0,14.0,32.0,0.0,1.0,1.0,56.3,0,0,2016,16
Stephen Tulloch,3061,LB,1,PHI,6,0,2,4,39.3,56.5,,,62.6,0.0,0.0,0.0,0.0,0.0,0.0,0.0,0.0,0.0,0.0,0.0,0.0,0.0,,0.0,,0.0,0.0,0.0,0.0,0,0,2016,16
Domata Peko Sr.,3068,DI,1,CIN,36,20,16,0,75.5,80.9,70.3,52.6,,0.0,0.0,0.0,0.0,0.0,3.0,1.0,0.0,3.0,0.0,0.0,0.0,0.0,,0.0,,0.0,0.0,0.0,0.0,0,0,2016,16
Elvis Dumervil,3071,ED,1,BLT,28,23,5,0,67.4,61.7,69.9,64.9,,4.0,0.0,2.0,2.0,0.0,1.0,0.0,0.0,0.0,0.0,0.0,0.0,0.0,,0.0,,0.0,0.0,0.0,0.0,0,0,2016,16
Kyle Williams,3079,DI,1,BUF,56,24,32,0,55.8,63.4,27.9,55.3,60.0,1.0,0.0,0.0,1.0,0.0,1.0,3.0,1.0,1.0,0.0,0.0,0.0,0.0,,0.0,,0.0,0.0,0.0,0.0,0,0,2016,16
Rob Ninkovich,3080,ED,1,NE,27,11,15,1,44.5,55.4,29.1,56.5,60.0,1.0,0.0,0.0,1.0,0.0,3.0,0.0,1.0,1.0,0.0,1.0,1.0,11.0,11.0,0.0,11.0,0.0,0.0,0.0,112.5,0,0,2016,16
Antoine Bethea,3152,S,1,SF,59,0,28,31,62.2,70.7,85.2,,57.2,0.0,0.0,0.0,0.0,0.0,6.0,2.0,0.0,3.0,0.0,4.0,3.0,13.0,4.3,0.0,6.0,1.0,0.0,0.0,117.7,0,0,2016,16
Tony McDaniel,3423,DI,1,SEA,22,8,14,0,58.3,60.0,67.3,54.7,,0.0,0.0,0.0,0.0,0.0,0.0,0.0,0.0,0.0,0.0,0.0,0.0,0.0,,0.0,,0.0,0.0,0.0,0.0,0,0,2016,16
Tramon Williams,3558,CB,1,CLV,64,0,17,47,82.7,69.0,39.2,,79.1,0.0,0.0,0.0,0.0,0.0,2.0,1.0,1.0,1.0,0.0,6.0,2.0,37.0,18.5,36.0,27.0,0.0,0.0,2.0,55.6,0,0,2016,16
Brent Grimes,3589,CB,1,TB,71,0,32,39,59.2,69.3,81.0,,55.3,0.0,0.0,0.0,0.0,0.0,8.0,0.0,0.0,0.0,0.0,8.0,6.0,62.0,10.3,4.0,15.0,0.0,0.0,1.0,96.9,0,0,2016,16
Darrelle Revis,3630,CB,1,NYJ,73,0,39,34,62.4,71.5,73.7,,58.2,0.0,0.0,0.0,0.0,0.0,2.0,0.0,0.0,1.0,0.0,1.0,1.0,7.0,7.0,3.0,7.0,0.0,0.0,0.0,95.8,1,0,2016,16
Lawrence Timmons,3631,LB,1,PIT,74,10,27,37,60.0,63.9,40.2,66.8,52.9,2.0,1.0,0.0,1.0,0.0,7.0,1.0,2.0,6.0,1.0,9.0,7.0,36.0,5.1,13.0,9.0,0.0,0.0,0.0,83.3,0,0,2016,16
Leon Hall,3634,CB,1,NYG,14,0,5,9,64.6,60.0,,,63.3,0.0,0.0,0.0,0.0,0.0,0.0,0.0,0.0,0.0,0.0,1.0,1.0,3.0,3.0,4.0,3.0,0.0,0.0,0.0,79.2,0,0,2016,16
Michael Griffin,3635,S,1,CAR,4,0,3,1,48.9,54.8,74.4,,60.0,0.0,0.0,0.0,0.0,0.0,0.0,0.0,0.0,0.0,0.0,0.0,0.0,0.0,,0.0,,0.0,0.0,0.0,0.0,0,0,2016,16
Reggie Nelson,3637,S,1,OAK,55,1,20,34,91.2,67.6,81.2,59.7,89.7,0.0,0.0,0.0,0.0,0.0,4.0,0.0,0.0,1.0,0.0,2.0,0.0,0.0,,0.0,,0.0,1.0,0.0,0.0,0,0,2016,16
Alan Branch,3649,DI,1,NE,35,17,18,0,67.8,64.5,69.5,63.9,,1.0,1.0,0.0,0.0,0.0,2.0,0.0,0.0,3.0,0.0,0.0,0.0,0.0,,0.0,,0.0,0.0,0.0,0.0,0,0,2016,16
Paul Posluszny,3650,LB,1,JAX,71,7,20,44,67.4,65.2,63.2,48.5,68.1,0.0,0.0,0.0,0.0,0.0,8.0,2.0,0.0,3.0,0.0,5.0,4.0,46.0,11.5,14.0,14.0,0.0,0.0,1.0,105.0,0,0,2016,16
Eric Weddle,3653,S,1,BLT,58,4,22,32,55.6,51.7,79.7,54.3,59.6,0.0,0.0,0.0,0.0,0.0,3.0,1.0,0.0,0.0,0.0,0.0,0.0,0.0,,0.0,,0.0,0.0,0.0,0.0,0,0,2016,16
David Harris,3663,LB,1,NYJ,74,9,40,25,51.6,52.6,83.8,58.9,54.2,0.0,0.0,0.0,0.0,0.0,7.0,0.0,0.0,3.0,0.0,3.0,3.0,39.0,13.0,6.0,25.0,1.0,0.0,0.0,158.3,0,0,2016,16
Charles Johnson,3699,ED,1,CAR,25,16,8,1,46.4,59.4,,55.0,60.0,2.0,0.0,1.0,1.0,0.0,0.0,0.0,0.0,0.0,0.0,1.0,1.0,1.0,1.0,0.0,1.0,1.0,0.0,0.0,118.8,0,0,2016,16
Brian Robison,3718,ED,1,MIN,46,31,11,4,56.7,58.3,66.8,55.3,62.0,4.0,0.0,0.0,4.0,0.0,1.0,0.0,0.0,1.0,0.0,0.0,0.0,0.0,,0.0,,0.0,0.0,0.0,0.0,0,0,2016,16
Paul Soliai,3724,DI,1,CAR,19,10,9,0,51.4,49.3,,61.6,,0.0,0.0,0.0,0.0,0.0,0.0,0.0,0.0,0.0,0.0,0.0,0.0,0.0,,0.0,,0.0,0.0,0.0,0.0,0,0,2016,16
Corey Graham,3784,S,1,BUF,68,0,38,30,61.9,49.4,48.5,,66.4,0.0,0.0,0.0,0.0,0.0,6.0,1.0,2.0,1.0,0.0,0.0,0.0,0.0,,0.0,,0.0,0.0,0.0,0.0,0,0,2016,16
William Gay,3786,CB,1,PIT,46,6,11,29,62.4,39.1,30.0,51.3,70.8,1.0,0.0,0.0,1.0,0.0,4.0,0.0,2.0,2.0,0.0,3.0,3.0,17.0,5.7,22.0,16.0,0.0,0.0,0.0,90.3,0,0,2016,16
Chris Long,4316,ED,1,NE,31,17,13,1,57.3,59.9,69.2,55.1,60.0,2.0,1.0,0.0,1.0,0.0,0.0,0.0,0.0,1.0,0.0,0.0,0.0,0.0,,0.0,,0.0,0.0,0.0,0.0,0,0,2016,16
Leodis McKelvin,4325,CB,1,PHI,83,0,24,59,56.9,64.2,79.6,,55.5,0.0,0.0,0.0,0.0,0.0,6.0,0.0,0.0,0.0,0.0,13.0,7.0,102.0,14.6,12.0,30.0,0.0,0.0,3.0,79.6,0,0,2016,16
Dominique Rodgers-Cromartie,4330,CB,1,NYG,55,0,26,29,92.0,73.0,43.3,,92.2,0.0,0.0,0.0,0.0,0.0,2.0,0.0,1.0,1.0,0.0,4.0,0.0,0.0,,0.0,,0.0,1.0,2.0,0.0,0,0,2016,16
Aqib Talib,4334,CB,1,DEN,75,1,35,39,79.4,63.8,77.6,60.0,81.1,0.0,0.0,0.0,0.0,0.0,3.0,1.0,0.0,1.0,0.0,2.0,2.0,11.0,5.5,3.0,8.0,0.0,0.0,0.0,89.6,0,0,2016,16
Tracy Porter,4354,CB,1,CHI,52,1,27,24,23.9,44.0,21.9,60.0,23.9,0.0,0.0,0.0,0.0,0.0,2.0,0.0,2.0,1.0,0.0,7.0,5.0,160.0,32.0,71.0,57.0,0.0,0.0,0.0,113.7,1,0,2016,16
Calais Campbell,4364,DI,1,ARZ,71,53,18,0,89.6,87.3,70.3,73.4,,7.0,1.0,2.0,4.0,0.0,3.0,0.0,0.0,4.0,0.0,0.0,0.0,0.0,,0.0,,0.0,0.0,0.0,0.0,0,0,2016,16
Jason Jones,4368,ED,1,MIA,36,21,12,3,44.9,40.3,71.2,59.0,55.1,2.0,1.0,1.0,0.0,0.0,1.0,0.0,0.0,2.0,0.0,0.0,0.0,0.0,,0.0,,0.0,0.0,0.0,0.0,0,0,2016,16
Pat Sims,4391,DI,1,CIN,25,10,15,0,56.2,58.0,70.2,54.7,,0.0,0.0,0.0,0.0,0.0,2.0,1.0,0.0,2.0,0.0,0.0,0.0,0.0,,0.0,,0.0,0.0,0.0,0.0,0,0,2016,16
Cliff Avril,4406,ED,1,SEA,47,23,22,2,61.9,55.7,69.6,64.7,60.4,2.0,0.0,0.0,2.0,0.0,1.0,0.0,0.0,1.0,0.0,0.0,0.0,0.0,,0.0,,0.0,0.0,0.0,0.0,0,0,2016,16
Philip Wheeler,4407,LB,1,ATL,17,5,7,5,69.2,61.6,39.7,49.7,77.5,2.0,0.0,0.0,2.0,0.0,1.0,1.0,1.0,1.0,0.0,2.0,1.0,2.0,2.0,0.0,2.0,0.0,0.0,0.0,56.3,0,0,2016,16
William Hayes,4417,ED,1,LA,50,31,19,0,74.6,73.9,44.4,64.0,,4.0,0.0,2.0,2.0,0.0,5.0,0.0,1.0,4.0,0.0,0.0,0.0,0.0,,0.0,,0.0,0.0,0.0,0.0,0,0,2016,16
Dwight Lowery,4427,S,1,SD,70,2,25,43,65.4,68.7,62.5,58.3,61.8,0.0,0.0,0.0,0.0,0.0,5.0,0.0,1.0,3.0,0.0,5.0,4.0,39.0,9.8,10.0,18.0,0.0,0.0,0.0,99.2,0,0,2016,16
Quintin Demps,4431,S,1,HST,60,1,18,41,64.9,54.1,49.1,59.2,66.4,0.0,0.0,0.0,0.0,0.0,3.0,1.0,1.0,0.0,0.0,2.0,2.0,12.0,6.0,2.0,6.0,0.0,1.0,0.0,52.1,0,0,2016,16
Brandon Carr,4454,CB,1,DAL,71,0,20,51,70.0,38.4,58.1,,74.2,0.0,0.0,0.0,0.0,0.0,3.0,1.0,1.0,0.0,0.0,8.0,2.0,22.0,11.0,6.0,16.0,0.0,0.0,1.0,39.6,0,0,2016,16
Orlando Scandrick,4457,CB,1,DAL,71,0,20,51,75.3,55.7,44.7,,77.0,0.0,0.0,0.0,0.0,0.0,4.0,0.0,1.0,1.0,1.0,7.0,5.0,52.0,10.4,17.0,16.0,0.0,0.0,1.0,92.6,0,0,2016,16
Letroy Guion,4466,DI,1,GB,26,18,8,0,68.9,64.0,67.3,65.4,,0.0,0.0,0.0,0.0,0.0,1.0,0.0,0.0,1.0,0.0,0.0,0.0,0.0,,0.0,,0.0,0.0,0.0,0.0,0,0,2016,16
Erik Walden,4481,ED,1,IND,54,19,28,7,36.8,30.0,27.5,49.0,66.5,0.0,0.0,0.0,0.0,0.0,1.0,1.0,1.0,0.0,0.0,0.0,0.0,0.0,,0.0,,0.0,0.0,0.0,0.0,0,0,2016,16
Ahtyba Rubin,4504,DI,1,SEA,34,16,18,0,67.4,69.9,68.4,53.8,,0.0,0.0,0.0,0.0,0.0,2.0,0.0,0.0,1.0,0.0,0.0,0.0,0.0,,0.0,,0.0,0.0,0.0,0.0,0,0,2016,16
Wesley Woodyard,4583,LB,1,TEN,50,4,20,26,53.9,63.6,33.1,79.0,51.3,0.0,0.0,0.0,0.0,0.0,2.0,1.0,1.0,0.0,0.0,2.0,2.0,56.0,28.0,63.0,37.0,0.0,0.0,0.0,118.8,1,0,2016,16
Leger Douzable,4654,DI,1,BUF,31,9,22,0,83.0,78.9,43.4,64.2,,0.0,0.0,0.0,0.0,1.0,4.0,0.0,1.0,3.0,0.0,0.0,0.0,0.0,,0.0,,0.0,0.0,0.0,0.0,0,0,2016,16
Wallace Gilberry,4763,ED,1,CIN,20,18,2,0,81.9,61.3,71.0,78.0,,5.0,2.0,2.0,1.0,0.0,1.0,0.0,0.0,2.0,0.0,0.0,0.0,0.0,,0.0,,0.0,0.0,0.0,0.0,0,0,2016,16
Jerrell Freeman,4888,LB,1,CHI,60,4,31,25,83.8,61.7,83.0,67.7,90.0,2.0,0.0,0.0,2.0,0.0,10.0,0.0,0.0,5.0,0.0,4.0,3.0,1.0,0.3,1.0,2.0,0.0,0.0,0.0,77.1,0,0,2016,16
Cameron Wake,4907,ED,1,MIA,48,26,21,1,43.7,28.2,26.0,65.7,63.4,5.0,1.0,0.0,4.0,0.0,1.0,1.0,2.0,2.0,0.0,1.0,1.0,2.0,2.0,10.0,2.0,0.0,0.0,0.0,79.2,0,0,2016,16
Tyson Jackson,4926,DI,1,ATL,12,5,7,0,36.9,45.6,,53.5,,1.0,0.0,1.0,0.0,0.0,0.0,0.0,0.0,0.0,0.0,0.0,0.0,0.0,,0.0,,0.0,0.0,0.0,0.0,0,0,2016,16
Brian Orakpo,4936,ED,1,TEN,57,27,21,9,51.3,53.3,77.6,57.6,50.6,2.0,0.0,1.0,1.0,0.0,3.0,2.0,0.0,1.0,1.0,4.0,4.0,41.0,10.3,21.0,20.0,1.0,0.0,0.0,149.0,0,0,2016,16
Malcolm Jenkins,4937,S,1,PHI,89,2,26,61,91.7,49.2,46.6,55.7,91.6,0.0,0.0,0.0,0.0,0.0,6.0,0.0,2.0,0.0,0.0,8.0,3.0,20.0,6.7,10.0,13.0,1.0,2.0,1.0,45.8,0,0,2016,16
Brian Cushing,4938,LB,1,HST,52,9,16,27,71.8,70.3,76.6,50.8,70.7,1.0,0.0,0.0,1.0,0.0,4.0,1.0,0.0,2.0,0.0,1.0,1.0,5.0,5.0,0.0,5.0,0.0,0.0,0.0,87.5,0,0,2016,16
Robert Ayers,4941,ED,1,TB,54,28,26,0,59.6,49.3,69.2,66.4,,2.0,0.0,1.0,1.0,0.0,1.0,0.0,0.0,1.0,0.0,0.0,0.0,0.0,,0.0,,0.0,0.0,0.0,0.0,0,0,2016,16
Vontae Davis,4948,CB,1,IND,74,0,37,37,37.6,27.3,38.0,,47.7,0.0,0.0,0.0,0.0,0.0,5.0,0.0,2.0,1.0,0.0,9.0,5.0,59.0,11.8,24.0,19.0,0.0,0.0,1.0,75.7,1,0,2016,16
Clay Matthews,4949,ED,1,GB,55,38,17,0,91.3,66.6,75.2,90.8,,6.0,1.0,2.0,3.0,2.0,1.0,1.0,0.0,2.0,1.0,0.0,0.0,0.0,,0.0,,0.0,0.0,0.0,0.0,0,0,2016,16
Ziggy Hood,4955,DI,1,WAS,42,26,16,0,46.0,42.2,69.7,49.8,62.7,0.0,0.0,0.0,0.0,0.0,2.0,0.0,0.0,2.0,0.0,0.0,0.0,0.0,,0.0,,0.0,0.0,0.0,0.0,0,0,2016,16
Patrick Chung,4957,S,1,NE,46,1,23,22,74.6,65.8,79.0,60.0,72.5,1.0,0.0,0.0,1.0,0.0,2.0,1.0,0.0,0.0,0.0,4.0,0.0,0.0,,0.0,,0.0,0.0,1.0,39.6,0,0,2016,16
Rey Maualuga,4961,LB,1,CIN,15,0,11,4,74.6,67.3,76.9,,67.5,0.0,0.0,0.0,0.0,0.0,3.0,0.0,0.0,0.0,0.0,2.0,2.0,11.0,5.5,3.0,7.0,0.0,0.0,0.0,89.6,0,0,2016,16
Darius Butler,4964,CB,1,IND,25,0,8,17,67.1,60.0,75.2,,64.9,0.0,0.0,0.0,0.0,0.0,1.0,0.0,0.0,0.0,0.0,0.0,0.0,0.0,,0.0,,0.0,0.0,0.0,0.0,0,0,2016,16
Jairus Byrd,4965,S,1,NO,61,1,18,42,91.8,70.2,80.6,58.4,89.8,0.0,0.0,0.0,0.0,0.0,4.0,2.0,0.0,2.0,0.0,3.0,1.0,2.0,2.0,1.0,2.0,0.0,2.0,0.0,2.8,0,0,2016,16
Connor Barwin,4969,ED,1,PHI,62,45,17,0,61.5,67.2,74.2,55.0,60.0,3.0,0.0,2.0,1.0,0.0,5.0,0.0,1.0,4.0,0.0,0.0,0.0,0.0,,0.0,,0.0,0.0,0.0,0.0,0,0,2016,16
Mike Mitchell,4970,S,1,PIT,72,0,24,48,57.2,58.7,59.3,,57.5,0.0,0.0,0.0,0.0,0.0,2.0,3.0,1.0,0.0,0.0,3.0,1.0,44.0,44.0,32.0,44.0,0.0,0.0,1.0,81.9,0,0,2016,16
Paul Kruger,4980,ED,1,NO,29,12,14,3,59.1,42.4,71.6,65.8,78.0,1.0,0.0,0.0,1.0,0.0,2.0,0.0,0.0,2.0,0.0,1.0,1.0,3.0,3.0,0.0,3.0,0.0,0.0,0.0,79.2,0,0,2016,16
Sean Smith,4984,CB,1,OAK,55,0,20,35,51.7,51.8,25.7,,52.4,0.0,0.0,0.0,0.0,0.0,0.0,0.0,1.0,0.0,0.0,1.0,1.0,24.0,24.0,0.0,24.0,1.0,0.0,0.0,158.3,1,0,2016,16
Sen'Derrick Marks,4985,DI,1,JAX,46,33,13,0,61.6,57.1,68.6,62.6,,2.0,0.0,0.0,2.0,1.0,1.0,0.0,0.0,1.0,0.0,0.0,0.0,0.0,,0.0,,0.0,0.0,0.0,0.0,0,0,2016,16
Michael Johnson,4993,ED,1,CIN,43,25,15,3,64.8,63.8,73.5,52.8,69.4,2.0,1.0,0.0,1.0,0.0,1.0,2.0,0.0,1.0,0.0,0.0,0.0,0.0,,0.0,,0.0,0.0,0.0,0.0,0,0,2016,16
DeAndre Levy,4999,LB,1,DET,33,5,13,15,55.3,68.6,74.9,54.5,48.5,0.0,0.0,0.0,0.0,0.0,2.0,0.0,0.0,0.0,0.0,1.0,1.0,10.0,10.0,0.0,10.0,1.0,0.0,0.0,147.9,0,0,2016,16
Lardarius Webb,5011,S,1,BLT,58,1,22,35,86.5,60.7,75.4,58.5,83.6,0.0,0.0,0.0,0.0,0.0,8.0,0.0,1.0,3.0,0.0,4.0,4.0,27.0,6.8,16.0,16.0,0.0,0.0,0.0,94.8,0,0,2016,16
Jerraud Powers,5015,CB,1,BLT,39,1,10,28,39.2,39.0,87.6,59.0,43.5,0.0,0.0,0.0,0.0,0.0,4.0,0.0,0.0,1.0,0.0,8.0,7.0,90.0,12.9,60.0,39.0,1.0,0.0,0.0,153.1,0,0,2016,16
Rashad Johnson,5018,S,1,TEN,41,2,16,23,66.9,65.5,75.2,58.6,63.7,0.0,0.0,0.0,0.0,0.0,1.0,0.0,0.0,0.0,0.0,0.0,0.0,0.0,,0.0,,0.0,0.0,0.0,0.0,0,0,2016,16
Glover Quin,5035,S,1,DET,57,1,28,28,55.9,41.9,78.4,59.1,64.3,0.0,0.0,0.0,0.0,0.0,3.0,0.0,0.0,0.0,0.0,0.0,0.0,0.0,,0.0,,0.0,0.0,0.0,0.0,0,0,2016,16
Greg Toler,5055,CB,1,WAS,57,0,21,36,52.6,34.4,29.6,,57.6,0.0,0.0,0.0,0.0,0.0,4.0,0.0,2.0,0.0,0.0,6.0,4.0,52.0,13.0,6.0,21.0,1.0,0.0,0.0,133.3,0,0,2016,16
Don Carey,5101,CB,1,DET,6,0,2,4,63.9,60.0,75.2,,63.3,0.0,0.0,0.0,0.0,0.0,0.0,0.0,0.0,0.0,0.0,0.0,0.0,0.0,,0.0,,0.0,0.0,0.0,0.0,0,0,2016,16
Brice McCain,5112,CB,1,TEN,71,1,25,45,51.8,55.2,49.1,60.0,56.5,0.0,0.0,0.0,0.0,0.0,5.0,0.0,1.0,2.0,0.0,5.0,3.0,29.0,9.7,13.0,15.0,0.0,0.0,0.0,76.3,3,1,2016,16
Captain Munnerlyn,5140,CB,1,MIN,46,2,9,35,58.0,66.3,71.6,57.5,56.1,1.0,0.0,0.0,1.0,0.0,1.0,0.0,0.0,1.0,0.0,5.0,3.0,68.0,22.7,40.0,48.0,0.0,0.0,0.0,104.2,0,0,2016,16
Ricky Jean Francois,5168,DI,1,WAS,24,14,10,0,60.9,60.6,23.9,59.1,,1.0,0.0,0.0,1.0,0.0,1.0,0.0,2.0,1.0,0.0,0.0,0.0,0.0,,0.0,,0.0,0.0,0.0,0.0,0,0,2016,16
Clinton McDonald,5173,DI,1,TB,40,23,17,0,52.6,52.6,68.4,56.5,,1.0,1.0,0.0,0.0,0.0,1.0,0.0,0.0,2.0,0.0,0.0,0.0,0.0,,0.0,,0.0,0.0,0.0,0.0,0,0,2016,16
Chris Baker,5188,DI,1,WAS,48,29,19,0,64.2,62.9,30.0,60.8,,1.0,0.0,0.0,1.0,1.0,2.0,1.0,1.0,1.0,0.0,0.0,0.0,0.0,,0.0,,0.0,0.0,0.0,0.0,0,0,2016,16
Michael Bennett,5273,ED,1,SEA,52,25,27,0,84.8,68.8,27.9,83.8,,5.0,1.0,4.0,0.0,0.0,2.0,0.0,1.0,3.0,0.0,0.0,0.0,0.0,,0.0,,0.0,0.0,0.0,0.0,0,0,2016,16
Ramon Humber,5310,LB,1,BUF,19,0,15,4,75.3,62.6,75.1,,78.1,0.0,0.0,0.0,0.0,0.0,2.0,0.0,0.0,2.0,0.0,1.0,1.0,3.0,3.0,4.0,3.0,0.0,0.0,0.0,79.2,0,0,2016,16
Dan Skuta,5349,ED,1,JAX,22,8,9,5,57.1,59.0,,50.8,62.8,0.0,0.0,0.0,0.0,0.0,0.0,0.0,0.0,0.0,0.0,1.0,1.0,4.0,4.0,0.0,4.0,0.0,0.0,0.0,83.3,0,0,2016,16
Jonathan Casillas,5422,LB,1,NYG,33,2,15,16,49.3,49.0,73.3,55.5,58.3,0.0,0.0,0.0,0.0,0.0,2.0,0.0,0.0,1.0,0.0,4.0,3.0,42.0,14.0,42.0,19.0,0.0,0.0,1.0,108.3,0,0,2016,16
Dannell Ellerbe,5442,LB,1,NO,52,7,14,31,58.8,60.5,78.1,51.7,60.3,0.0,0.0,0.0,0.0,0.0,5.0,1.0,0.0,3.0,0.0,2.0,1.0,12.0,12.0,5.0,12.0,0.0,0.0,0.0,68.8,0,0,2016,16
Ndamukong Suh,5527,DI,1,MIA,74,38,35,1,75.3,77.7,72.4,57.7,60.0,1.0,0.0,0.0,1.0,1.0,4.0,3.0,0.0,2.0,0.0,0.0,0.0,0.0,,0.0,,0.0,0.0,0.0,0.0,0,0,2016,16
Gerald McCoy,5528,DI,1,TB,60,33,27,0,62.5,62.4,69.6,67.8,,4.0,0.0,1.0,3.0,1.0,3.0,0.0,0.0,1.0,0.0,0.0,0.0,0.0,,0.0,,0.0,0.0,0.0,0.0,1,1,2016,16
Eric Berry,5530,S,1,KC,60,1,14,45,56.0,48.3,40.9,60.0,59.3,0.0,0.0,0.0,0.0,0.0,2.0,0.0,1.0,0.0,0.0,2.0,1.0,7.0,7.0,8.0,7.0,0.0,1.0,0.0,18.8,0,0,2016,16
Joe Haden,5532,CB,1,CLV,39,1,14,24,68.6,80.1,78.1,68.5,57.9,0.0,0.0,0.0,0.0,0.0,3.0,1.0,0.0,1.0,0.0,4.0,3.0,75.0,25.0,11.0,50.0,0.0,0.0,0.0,116.7,0,0,2016,16
Tyson Alualu,5535,DI,1,JAX,37,23,14,0,66.2,68.6,71.7,58.1,,2.0,0.0,0.0,2.0,0.0,1.0,1.0,0.0,0.0,0.0,0.0,0.0,0.0,,0.0,,0.0,0.0,0.0,0.0,0,0,2016,16
Brandon Graham,5538,ED,1,PHI,64,44,20,0,90.5,70.4,29.7,90.1,,9.0,0.0,4.0,5.0,0.0,4.0,0.0,1.0,3.0,0.0,0.0,0.0,0.0,,0.0,,0.0,0.0,0.0,0.0,0,0,2016,16
Derrick Morgan,5541,ED,1,TEN,59,34,22,3,54.2,52.5,73.3,56.1,61.4,3.0,0.0,0.0,3.0,0.0,2.0,1.0,0.0,2.0,0.0,0.0,0.0,0.0,,0.0,,0.0,0.0,0.0,0.0,0,0,2016,16
Kareem Jackson,5545,CB,1,HST,59,1,17,41,78.0,74.2,77.8,60.0,76.5,0.0,0.0,0.0,0.0,0.0,2.0,1.0,0.0,2.0,0.0,7.0,5.0,37.0,7.4,7.0,21.0,0.0,0.0,0.0,83.6,0,0,2016,16
Dan Williams,5551,DI,1,OAK,19,11,7,1,55.4,58.3,22.9,70.5,57.0,2.0,0.0,2.0,0.0,0.0,0.0,0.0,1.0,0.0,0.0,0.0,0.0,0.0,,0.0,,0.0,0.0,0.0,0.0,0,0,2016,16
Devin McCourty,5552,S,1,NE,49,0,24,25,76.3,73.2,64.9,,69.0,0.0,0.0,0.0,0.0,0.0,4.0,1.0,1.0,2.0,0.0,0.0,0.0,0.0,,0.0,,0.0,0.0,0.0,0.0,0,0,2016,16
Jerry Hughes,5556,ED,1,BUF,47,25,22,0,47.2,45.0,73.6,56.2,,2.0,0.0,0.0,2.0,0.0,1.0,2.0,1.0,0.0,0.0,0.0,0.0,0.0,,0.0,,0.0,0.0,0.0,0.0,0,0,2016,16
Nate Allen,5562,S,1,OAK,56,1,21,34,66.9,62.1,85.0,59.7,66.1,0.0,0.0,0.0,0.0,0.0,5.0,2.0,0.0,1.0,0.0,2.0,2.0,48.0,24.0,16.0,45.0,1.0,1.0,0.0,118.8,0,0,2016,16
Linval Joseph,5571,DI,1,MIN,51,41,10,0,65.7,74.8,69.2,62.6,,5.0,0.0,0.0,5.0,0.0,1.0,1.0,0.0,0.0,0.0,0.0,0.0,0.0,,0.0,,0.0,0.0,0.0,0.0,1,1,2016,16
Carlos Dunlap,5579,ED,1,CIN,45,33,11,1,73.4,65.2,69.6,76.7,60.2,5.0,0.0,1.0,4.0,0.0,1.0,0.0,0.0,0.0,1.0,1.0,1.0,12.0,12.0,7.0,12.0,0.0,0.0,0.0,116.7,1,0,2016,16
Sean Lee,5580,LB,1,DAL,68,10,19,39,55.5,58.3,79.7,46.9,59.7,2.0,0.0,0.0,2.0,0.0,4.0,3.0,0.0,2.0,0.0,2.0,1.0,21.0,21.0,16.0,21.0,0.0,0.0,0.0,87.5,0,0,2016,16
Morgan Burnett,5596,S,1,GB,78,2,21,55,66.9,59.3,80.6,69.1,65.6,1.0,0.0,0.0,1.0,0.0,5.0,1.0,0.0,1.0,0.0,4.0,4.0,32.0,8.0,19.0,14.0,0.0,0.0,0.0,100.0,0,0,2016,16
Donald Butler,5603,LB,1,MIA,59,0,40,19,35.0,45.3,79.3,,37.7,0.0,0.0,0.0,0.0,0.0,7.0,0.0,0.0,1.0,0.0,5.0,5.0,39.0,7.8,24.0,11.0,0.0,0.0,0.0,99.2,0,0,2016,16
Earl Mitchell,5605,DI,1,MIA,57,24,33,0,42.0,35.0,66.8,68.1,,1.0,0.0,1.0,0.0,0.0,1.0,0.0,0.0,1.0,0.0,0.0,0.0,0.0,,0.0,,0.0,0.0,0.0,0.0,0,0,2016,16
Corey Peters,5607,DI,1,ARZ,45,27,18,0,75.8,72.6,69.0,77.8,,2.0,0.0,0.0,2.0,0.0,2.0,0.0,0.0,1.0,0.0,0.0,0.0,0.0,,0.0,,0.0,0.0,0.0,0.0,1,1,2016,16
Everson Griffen,5624,ED,1,MIN,51,39,11,1,50.9,81.0,27.8,44.3,60.0,2.0,0.0,0.0,2.0,0.0,1.0,0.0,1.0,1.0,0.0,0.0,0.0,0.0,,0.0,,0.0,0.0,0.0,0.0,1,0,2016,16
Perry Riley,5627,LB,1,OAK,55,7,20,28,71.5,54.9,79.4,61.4,77.1,1.0,0.0,0.0,1.0,0.0,5.0,1.0,0.0,2.0,0.0,4.0,3.0,28.0,9.3,25.0,12.0,0.0,0.0,0.0,93.8,0,0,2016,16
Alterraun Verner,5628,CB,1,TB,7,0,3,4,67.8,60.0,72.8,,65.3,0.0,0.0,0.0,0.0,0.0,1.0,0.0,0.0,0.0,0.0,0.0,0.0,0.0,,0.0,,0.0,0.0,0.0,0.0,0,0,2016,16
Darrell Stuckey,5634,S,1,SD,1,0,0,1,47.3,,75.2,,48.3,0.0,0.0,0.0,0.0,0.0,1.0,0.0,0.0,0.0,0.0,1.0,1.0,21.0,21.0,0.0,21.0,0.0,0.0,0.0,118.8,0,0,2016,16
Geno Atkins,5643,DI,1,CIN,38,27,11,0,89.9,85.8,69.8,73.5,,5.0,1.0,0.0,4.0,0.0,2.0,0.0,0.0,3.0,0.0,0.0,0.0,0.0,,0.0,,0.0,0.0,0.0,0.0,0,0,2016,16
Al Woods,5646,DI,1,TEN,26,12,14,0,61.1,63.7,68.3,53.6,,0.0,0.0,0.0,0.0,0.0,2.0,0.0,0.0,2.0,0.0,0.0,0.0,0.0,,0.0,,0.0,0.0,0.0,0.0,0,0,2016,16
Kam Chancellor,5656,S,1,SEA,49,0,24,25,78.8,80.2,81.6,,66.9,0.0,0.0,0.0,0.0,0.0,5.0,1.0,0.0,3.0,0.0,2.0,1.0,29.0,29.0,6.0,29.0,0.0,0.0,1.0,95.8,0,0,2016,16
Nolan Carroll,5668,CB,1,PHI,66,0,16,50,82.8,63.4,57.7,,83.6,0.0,0.0,0.0,0.0,0.0,7.0,0.0,2.0,4.0,0.0,15.0,10.0,73.0,7.3,25.0,27.0,0.0,0.0,2.0,77.9,0,0,2016,16
Cam Thomas,5669,DI,1,LA,24,12,12,0,90.2,86.9,71.8,69.8,60.0,0.0,0.0,0.0,0.0,0.0,3.0,1.0,0.0,3.0,0.0,0.0,0.0,0.0,,0.0,,0.0,0.0,0.0,0.0,0,0,2016,16
Arthur Moats,5701,ED,1,PIT,1,0,1,0,60.0,60.0,78.2,,,0.0,0.0,0.0,0.0,0.0,0.0,0.0,0.0,0.0,0.0,0.0,0.0,0.0,,0.0,,0.0,0.0,0.0,0.0,0,0,2016,16
Eugene Sims,5712,ED,1,LA,51,31,17,3,61.0,55.5,72.0,55.2,66.7,2.0,1.0,0.0,1.0,0.0,1.0,0.0,0.0,2.0,0.0,0.0,0.0,0.0,,0.0,,0.0,0.0,0.0,0.0,0,0,2016,16
Willie Young,5736,ED,1,CHI,44,14,25,5,59.1,63.0,40.2,49.1,64.0,0.0,0.0,0.0,0.0,0.0,1.0,3.0,1.0,1.0,0.0,0.0,0.0,0.0,,0.0,,0.0,0.0,0.0,0.0,0,0,2016,16
C.J. Wilson,5753,DI,1,CHI,34,14,19,1,58.8,56.8,65.9,61.4,60.0,2.0,0.0,1.0,1.0,0.0,1.0,0.0,0.0,1.0,0.0,0.0,0.0,0.0,,0.0,,0.0,0.0,0.0,0.0,0,0,2016,16
Ricardo Mathews,5761,DI,1,PIT,20,11,9,0,67.4,73.2,69.2,52.4,,0.0,0.0,0.0,0.0,0.0,1.0,0.0,0.0,1.0,0.0,0.0,0.0,0.0,,0.0,,0.0,0.0,0.0,0.0,0,0,2016,16
Kurt Coleman,5767,S,1,CAR,63,2,23,38,71.7,64.3,81.8,72.5,67.0,1.0,1.0,0.0,0.0,0.0,2.0,1.0,0.0,1.0,0.0,1.0,1.0,17.0,17.0,5.0,17.0,0.0,0.0,0.0,118.8,0,0,2016,16
Robert McClain,5771,CB,1,SD,1,0,1,0,60.0,60.0,,,,0.0,0.0,0.0,0.0,0.0,0.0,0.0,0.0,0.0,0.0,0.0,0.0,0.0,,0.0,,0.0,0.0,0.0,0.0,0,0,2016,16
Rafael Bush,5779,S,1,DET,10,0,3,7,35.8,60.0,32.2,,37.5,0.0,0.0,0.0,0.0,0.0,1.0,0.0,0.0,1.0,0.0,2.0,2.0,25.0,12.5,7.0,21.0,1.0,0.0,0.0,158.3,0,0,2016,16
Sergio Brown,5803,S,1,BUF,2,0,2,0,29.8,48.5,21.5,,,0.0,0.0,0.0,0.0,0.0,0.0,0.0,1.0,0.0,0.0,0.0,0.0,0.0,,0.0,,0.0,0.0,0.0,0.0,0,0,2016,16
Vincent Rey,5811,LB,1,CIN,64,5,23,36,72.9,56.3,80.9,52.6,80.7,1.0,0.0,0.0,1.0,0.0,6.0,1.0,0.0,4.0,0.0,3.0,2.0,9.0,4.5,3.0,5.0,0.0,0.0,1.0,70.1,0,0,2016,16
Darian Stewart,5820,S,1,DEN,76,2,36,38,29.8,29.9,26.2,56.3,42.4,0.0,0.0,0.0,0.0,0.0,4.0,1.0,4.0,1.0,0.0,6.0,5.0,35.0,7.0,21.0,14.0,1.0,0.0,0.0,130.6,0,0,2016,16
Tramaine Brock Sr.,5903,CB,1,SF,59,0,28,31,90.0,64.3,72.5,,90.6,0.0,0.0,0.0,0.0,0.0,1.0,0.0,0.0,0.0,0.0,3.0,1.0,9.0,9.0,14.0,9.0,0.0,1.0,0.0,2.8,0,0,2016,16
Barry Church,5924,S,1,DAL,70,2,20,48,65.1,77.4,89.3,57.0,58.6,0.0,0.0,0.0,0.0,0.0,9.0,3.0,0.0,0.0,0.0,3.0,3.0,24.0,8.0,24.0,12.0,0.0,0.0,0.0,100.0,0,0,2016,16
Frank Zombo,5945,ED,1,KC,25,13,9,3,45.7,60.5,72.0,50.0,44.6,0.0,0.0,0.0,0.0,0.0,2.0,0.0,0.0,1.0,0.0,1.0,1.0,16.0,16.0,3.0,16.0,0.0,0.0,0.0,118.8,0,0,2016,16
Albert McClellan,6022,ED,1,BLT,32,9,12,11,45.6,62.8,,48.2,44.2,0.0,0.0,0.0,0.0,0.0,0.0,0.0,0.0,0.0,0.0,2.0,2.0,27.0,13.5,9.0,20.0,1.0,0.0,0.0,158.3,0,0,2016,16
Mitch Unrein,6031,DI,1,CHI,36,14,22,0,49.7,52.4,69.4,52.7,,1.0,0.0,0.0,1.0,0.0,1.0,2.0,0.0,1.0,0.0,0.0,0.0,0.0,,0.0,,0.0,0.0,0.0,0.0,0,0,2016,16
Andrew Sendejo,6118,S,1,MIN,59,2,14,43,47.4,62.5,30.0,56.0,52.5,1.0,0.0,0.0,1.0,0.0,2.0,0.0,1.0,0.0,0.0,1.0,1.0,33.0,33.0,7.0,33.0,0.0,0.0,0.0,118.8,1,0,2016,16
Von Miller,6154,ED,1,DEN,64,28,31,5,61.8,69.9,76.8,54.2,66.3,1.0,0.0,1.0,0.0,0.0,6.0,2.0,0.0,4.0,0.0,0.0,0.0,0.0,,0.0,,0.0,0.0,0.0,0.0,1,0,2016,16
Marcell Dareus,6155,DI,1,BUF,62,24,38,0,72.7,75.1,71.4,52.1,60.0,0.0,0.0,0.0,0.0,0.0,6.0,1.0,0.0,2.0,0.0,0.0,0.0,0.0,,0.0,,0.0,0.0,0.0,0.0,0,0,2016,16
Patrick Peterson,6157,CB,1,ARZ,80,0,23,57,61.7,63.4,57.2,,60.9,0.0,0.0,0.0,0.0,0.0,7.0,0.0,1.0,1.0,0.0,7.0,7.0,72.0,10.3,32.0,31.0,0.0,0.0,0.0,109.5,0,0,2016,16
Nick Fairley,6165,DI,1,NO,39,29,10,0,58.5,45.4,66.8,68.5,,4.0,0.0,1.0,3.0,0.0,1.0,0.0,0.0,1.0,0.0,0.0,0.0,0.0,,0.0,,0.0,0.0,0.0,0.0,0,0,2016,16
Ryan Kerrigan,6168,ED,1,WAS,38,24,13,1,54.2,45.8,,62.2,60.0,2.0,0.0,0.0,2.0,0.0,0.0,0.0,0.0,0.0,0.0,0.0,0.0,0.0,,0.0,,0.0,0.0,0.0,0.0,0,0,2016,16
Corey Liuget,6170,DI,1,SD,61,38,23,0,57.8,63.2,28.7,51.4,,1.0,0.0,0.0,1.0,0.0,2.0,0.0,1.0,2.0,0.0,0.0,0.0,0.0,,0.0,,0.0,0.0,0.0,0.0,0,0,2016,16
Prince Amukamara,6171,CB,1,JAX,71,1,20,50,55.4,64.2,78.7,59.1,53.3,0.0,0.0,0.0,0.0,0.0,4.0,1.0,0.0,0.0,0.0,12.0,8.0,97.0,12.1,5.0,24.0,2.0,0.0,2.0,130.9,0,0,2016,16
Adrian Clayborn,6172,ED,1,ATL,49,38,11,0,37.7,29.2,24.2,55.0,,1.0,0.0,0.0,1.0,0.0,0.0,0.0,1.0,0.0,0.0,0.0,0.0,0.0,,0.0,,0.0,0.0,0.0,0.0,0,0,2016,16
Cameron Jordan,6176,ED,1,NO,59,41,18,0,70.5,57.2,71.7,71.6,,7.0,1.0,1.0,5.0,0.0,1.0,0.0,0.0,1.0,0.0,0.0,0.0,0.0,,0.0,,0.0,0.0,0.0,0.0,0,0,2016,16
Muhammad Wilkerson,6182,ED,1,NYJ,63,28,35,0,61.1,56.6,30.0,65.0,,2.0,1.0,0.0,1.0,0.0,2.0,0.0,1.0,3.0,1.0,0.0,0.0,0.0,,0.0,,0.0,0.0,0.0,0.0,0,0,2016,16
Jabaal Sheard,6189,ED,1,NE,30,12,13,5,52.2,56.4,30.7,70.2,36.5,2.0,1.0,1.0,0.0,0.0,1.0,0.0,1.0,1.0,0.0,2.0,2.0,28.0,14.0,13.0,20.0,0.0,0.0,0.0,118.8,0,0,2016,16
Akeem Ayers,6191,ED,1,IND,19,5,11,3,64.6,59.4,,64.9,62.1,0.0,0.0,0.0,0.0,0.0,0.0,0.0,0.0,0.0,0.0,0.0,0.0,0.0,,0.0,,0.0,0.0,0.0,0.0,0,0,2016,16
Jarvis Jenkins,6193,DI,1,KC,10,8,2,0,55.8,60.1,,54.2,,0.0,0.0,0.0,0.0,0.0,0.0,0.0,0.0,0.0,0.0,0.0,0.0,0.0,,0.0,,0.0,0.0,0.0,0.0,0,0,2016,16
Brooks Reed,6194,ED,1,ATL,25,14,11,0,66.8,65.2,72.8,61.7,,2.0,1.0,1.0,0.0,0.0,2.0,0.0,0.0,3.0,0.0,0.0,0.0,0.0,,0.0,,0.0,0.0,0.0,0.0,0,0,2016,16
Terrell McClain,6217,DI,1,DAL,12,8,4,0,47.8,52.6,,54.6,,0.0,0.0,0.0,0.0,0.0,0.0,0.0,0.0,0.0,0.0,0.0,0.0,0.0,,0.0,,0.0,0.0,0.0,0.0,0,0,2016,16
Kelvin Sheppard,6220,LB,1,NYG,44,3,27,14,57.9,62.4,77.6,54.0,55.2,1.0,0.0,1.0,0.0,0.0,3.0,1.0,0.0,1.0,0.0,1.0,1.0,16.0,16.0,8.0,16.0,0.0,0.0,0.0,118.8,0,0,2016,16
Jurrell Casey,6229,DI,1,TEN,51,35,15,1,75.7,58.0,28.9,78.7,60.0,5.0,0.0,0.0,5.0,1.0,2.0,0.0,1.0,2.0,0.0,0.0,0.0,0.0,,0.0,,0.0,0.0,0.0,0.0,0,0,2016,16
Mason Foster,6236,LB,1,WAS,51,7,20,24,48.9,71.1,81.2,51.0,46.7,0.0,0.0,0.0,0.0,0.0,6.0,1.0,0.0,2.0,0.0,5.0,4.0,46.0,11.5,13.0,18.0,0.0,0.0,0.0,105.0,1,0,2016,16
Shareece Wright,6241,CB,1,BLT,58,0,22,36,58.5,46.4,27.2,,61.7,0.0,0.0,0.0,0.0,0.0,3.0,0.0,2.0,0.0,0.0,3.0,2.0,34.0,17.0,16.0,26.0,0.0,0.0,0.0,104.9,0,0,2016,16
Akeem Dent,6243,LB,1,HST,3,2,1,0,58.2,60.0,78.2,58.2,,0.0,0.0,0.0,0.0,0.0,0.0,0.0,0.0,0.0,0.0,0.0,0.0,0.0,,0.0,,0.0,0.0,0.0,0.0,0,0,2016,16
Chris Conte,6245,S,1,TB,21,0,7,14,48.4,61.8,77.3,,48.6,0.0,0.0,0.0,0.0,0.0,1.0,0.0,0.0,1.0,0.0,1.0,1.0,-2.0,-2.0,4.0,-2.0,0.0,0.0,0.0,79.2,1,0,2016,16
K.J. Wright,6251,LB,1,SEA,57,7,30,20,63.0,61.5,81.2,83.6,52.0,3.0,0.0,2.0,1.0,0.0,4.0,3.0,0.0,1.0,0.0,3.0,2.0,8.0,4.0,16.0,13.0,0.0,0.0,0.0,70.1,0,0,2016,16
Da'Norris Searcy,6252,S,1,TEN,30,0,11,19,72.6,73.8,77.2,,63.6,0.0,0.0,0.0,0.0,0.0,1.0,1.0,0.0,0.0,0.0,0.0,0.0,0.0,,0.0,,0.0,0.0,0.0,0.0,0,0,2016,16
Sam Acho,6255,ED,1,CHI,24,5,14,5,50.4,56.6,24.4,51.5,54.0,0.0,0.0,0.0,0.0,0.0,1.0,0.0,2.0,1.0,0.0,1.0,1.0,7.0,7.0,3.0,7.0,0.0,0.0,0.0,95.8,0,0,2016,16
Chris Prosinski,6273,S,1,CHI,3,0,1,2,62.5,60.0,,,60.9,0.0,0.0,0.0,0.0,0.0,0.0,0.0,0.0,0.0,0.0,0.0,0.0,0.0,,0.0,,0.0,0.0,0.0,0.0,0,0,2016,16
Davon House,6283,CB,1,JAX,2,0,2,0,60.1,60.0,,,,0.0,0.0,0.0,0.0,0.0,0.0,0.0,0.0,0.0,0.0,0.0,0.0,0.0,,0.0,,0.0,0.0,0.0,0.0,0,0,2016,16
Buster Skrine,6289,CB,1,NYJ,73,0,39,34,70.9,73.5,59.6,,68.1,0.0,0.0,0.0,0.0,0.0,5.0,0.0,1.0,1.0,0.0,8.0,4.0,40.0,10.0,1.0,16.0,0.0,0.0,1.0,64.6,0,0,2016,16
Richard Sherman,6306,CB,1,SEA,59,0,29,30,75.5,66.2,77.6,,75.8,0.0,0.0,0.0,0.0,0.0,4.0,0.0,0.0,2.0,0.0,7.0,5.0,82.0,16.4,41.0,41.0,0.0,0.0,2.0,110.4,0,0,2016,16
Pernell McPhee,6317,ED,1,CHI,48,20,24,4,48.2,40.1,43.3,62.2,62.7,3.0,0.0,1.0,2.0,0.0,2.0,1.0,1.0,1.0,0.0,0.0,0.0,0.0,,0.0,,0.0,0.0,0.0,0.0,0,0,2016,16
Lawrence Guy,6385,DI,1,BLT,28,17,11,0,60.2,62.0,69.9,56.7,,1.0,0.0,0.0,1.0,0.0,1.0,1.0,0.0,0.0,0.0,0.0,0.0,0.0,,0.0,,0.0,0.0,0.0,0.0,0,0,2016,16
Malcolm Smith,6394,LB,1,OAK,55,7,20,28,37.1,71.4,81.7,61.7,28.7,1.0,0.0,1.0,0.0,0.0,8.0,0.0,0.0,1.0,1.0,10.0,8.0,86.0,10.8,48.0,17.0,0.0,0.0,0.0,102.5,0,0,2016,16
Spencer Paysinger,6419,LB,1,MIA,33,0,8,25,64.9,44.6,66.6,,72.6,0.0,0.0,0.0,0.0,0.0,6.0,1.0,1.0,3.0,0.0,5.0,4.0,20.0,5.0,16.0,8.0,0.0,0.0,0.0,83.3,0,0,2016,16
Chris Harris Jr.,6457,CB,1,DEN,70,0,31,39,75.1,68.6,78.5,,74.6,0.0,0.0,0.0,0.0,0.0,4.0,0.0,0.0,3.0,0.0,5.0,3.0,10.0,3.3,5.0,6.0,0.0,0.0,0.0,64.6,0,0,2016,16
Sealver Siliga,6483,DI,1,TB,20,7,13,0,64.8,65.3,66.8,55.4,60.0,0.0,0.0,0.0,0.0,0.0,1.0,0.0,0.0,0.0,0.0,0.0,0.0,0.0,,0.0,,0.0,0.0,0.0,0.0,0,0,2016,16
Josh Bynes,6503,LB,1,DET,42,4,24,14,39.5,54.2,76.2,53.9,36.5,0.0,0.0,0.0,0.0,0.0,3.0,0.0,0.0,1.0,0.0,3.0,2.0,34.0,17.0,20.0,23.0,0.0,0.0,0.0,104.9,0,0,2016,16
Mario Addison,6558,ED,1,CAR,38,25,11,2,84.5,90.1,73.3,65.9,63.8,3.0,1.0,0.0,2.0,0.0,3.0,0.0,0.0,4.0,0.0,0.0,0.0,0.0,,0.0,,0.0,0.0,0.0,0.0,1,0,2016,16
Jeron Johnson,6621,S,1,SEA,11,0,6,5,59.3,63.2,48.1,,55.9,0.0,0.0,0.0,0.0,0.0,1.0,1.0,1.0,0.0,0.0,0.0,0.0,0.0,,0.0,,0.0,0.0,0.0,0.0,0,0,2016,16
Michael Morgan,6623,LB,1,SEA,19,3,11,5,61.6,57.4,71.6,58.4,65.1,0.0,0.0,0.0,0.0,0.0,1.0,0.0,0.0,0.0,0.0,1.0,1.0,6.0,6.0,7.0,6.0,0.0,0.0,0.0,91.7,0,0,2016,16
Ron Parker,6625,S,1,KC,52,3,11,38,68.1,61.0,75.2,53.6,67.3,0.0,0.0,0.0,0.0,0.0,1.0,0.0,0.0,0.0,0.0,1.0,0.0,0.0,,0.0,,0.0,0.0,1.0,39.6,0,0,2016,16
Justin Trattou,6669,ED,1,MIN,1,1,0,0,60.0,,81.0,59.7,,0.0,0.0,0.0,0.0,0.0,0.0,0.0,0.0,0.0,0.0,0.0,0.0,0.0,,0.0,,0.0,0.0,0.0,0.0,0,0,2016,16
Isa Abdul-Quddus,6722,S,1,MIA,54,1,24,29,52.2,59.5,40.8,59.2,52.7,0.0,0.0,0.0,0.0,0.0,3.0,0.0,1.0,1.0,0.0,1.0,1.0,9.0,9.0,1.0,9.0,0.0,0.0,0.0,104.2,0,0,2016,16
Mark Herzlich,6767,LB,1,NYG,1,0,1,0,60.0,60.0,,,,0.0,0.0,0.0,0.0,0.0,0.0,0.0,0.0,0.0,0.0,0.0,0.0,0.0,,0.0,,0.0,0.0,0.0,0.0,0,0,2016,16
Sterling Moore,6871,CB,1,NO,61,2,18,41,48.7,54.1,79.7,56.0,48.7,0.0,0.0,0.0,0.0,0.0,5.0,0.0,0.0,0.0,0.0,7.0,7.0,105.0,15.0,34.0,34.0,1.0,0.0,0.0,158.3,2,1,2016,16
Michael Wilhoite,6989,LB,1,SF,58,3,28,27,68.4,63.8,76.1,52.4,69.2,0.0,0.0,0.0,0.0,0.0,0.0,0.0,0.0,0.0,0.0,0.0,0.0,0.0,,0.0,,0.0,0.0,0.0,0.0,0,0,2016,16
Craig Robertson,7003,LB,1,NO,61,3,18,40,30.1,37.6,26.0,53.1,39.8,1.0,0.0,0.0,1.0,0.0,3.0,1.0,3.0,1.0,0.0,4.0,4.0,39.0,9.8,20.0,12.0,1.0,0.0,0.0,146.9,0,0,2016,16
Mark Barron,7013,LB,1,LA,75,2,27,46,65.2,65.8,77.8,56.0,63.3,0.0,0.0,0.0,0.0,0.0,3.0,1.0,1.0,3.0,0.0,5.0,4.0,26.0,6.5,17.0,11.0,0.0,0.0,0.0,88.3,0,0,2016,16
Stephon Gilmore,7016,CB,1,BUF,58,0,29,29,51.5,66.2,45.2,,47.4,0.0,0.0,0.0,0.0,0.0,3.0,1.0,1.0,1.0,0.0,5.0,3.0,69.0,23.0,51.0,44.0,0.0,0.0,1.0,104.2,0,0,2016,16
Dontari Poe,7017,DI,1,KC,44,34,10,0,57.2,45.1,69.5,65.0,60.0,0.0,0.0,0.0,0.0,1.0,0.0,1.0,0.0,0.0,0.0,0.0,0.0,0.0,,0.0,,0.0,0.0,0.0,0.0,0,0,2016,16
Fletcher Cox,7018,DI,1,PHI,66,46,20,0,61.3,66.2,69.0,55.0,,2.0,0.0,1.0,1.0,0.0,1.0,1.0,0.0,1.0,0.0,0.0,0.0,0.0,,0.0,,0.0,0.0,0.0,0.0,0,0,2016,16
Michael Brockers,7020,DI,1,LA,36,20,15,1,76.0,86.4,70.2,51.3,60.0,0.0,0.0,0.0,0.0,0.0,2.0,1.0,0.0,1.0,0.0,0.0,0.0,0.0,,0.0,,0.0,0.0,0.0,0.0,0,0,2016,16
Bruce Irvin,7021,ED,1,OAK,54,29,20,5,61.2,61.4,73.2,65.8,62.9,5.0,0.0,3.0,2.0,0.0,1.0,0.0,0.0,0.0,0.0,0.0,0.0,0.0,,0.0,,0.0,0.0,0.0,0.0,1,1,2016,16
Dre Kirkpatrick,7023,CB,1,CIN,59,0,20,39,61.3,64.3,29.5,,60.0,0.0,0.0,0.0,0.0,0.0,1.0,0.0,0.0,0.0,0.0,4.0,2.0,33.0,16.5,10.0,19.0,0.0,0.0,1.0,78.1,0,0,2016,16
Melvin Ingram III,7024,ED,1,SD,67,39,24,4,57.0,55.3,29.4,64.4,62.8,7.0,1.0,0.0,6.0,0.0,2.0,0.0,2.0,3.0,0.0,1.0,0.0,0.0,,0.0,,0.0,0.0,0.0,39.6,1,0,2016,16
Shea McClellin,7025,ED,1,NE,35,13,12,10,62.6,48.1,25.7,71.7,65.2,3.0,0.0,1.0,2.0,0.0,1.0,0.0,1.0,1.0,0.0,2.0,2.0,33.0,16.5,22.0,27.0,0.0,0.0,0.0,118.8,0,0,2016,16
Chandler Jones,7027,ED,1,ARZ,71,51,19,1,76.9,67.9,74.9,71.8,60.0,8.0,2.0,0.0,6.0,0.0,1.0,0.0,0.0,2.0,0.0,0.0,0.0,0.0,,0.0,,0.0,0.0,0.0,0.0,0,0,2016,16
Whitney Mercilus,7031,ED,1,HST,57,37,16,4,74.2,54.6,27.5,89.3,36.2,8.0,2.0,0.0,6.0,0.0,1.0,0.0,2.0,3.0,0.0,2.0,2.0,15.0,7.5,12.0,8.0,0.0,0.0,0.0,97.9,0,0,2016,16
Nick Perry,7033,ED,1,GB,34,26,6,2,64.4,64.8,72.4,60.1,61.0,4.0,2.0,0.0,2.0,0.0,0.0,0.0,0.0,2.0,0.0,0.0,0.0,0.0,,0.0,,0.0,0.0,0.0,0.0,0,0,2016,16
Courtney Upshaw,7039,ED,1,ATL,15,11,4,0,65.8,58.4,69.9,66.9,,2.0,1.0,0.0,1.0,0.0,1.0,0.0,0.0,1.0,0.0,0.0,0.0,0.0,,0.0,,0.0,0.0,0.0,0.0,0,0,2016,16
Derek Wolfe,7040,DI,1,DEN,14,6,8,0,71.9,71.9,70.1,55.2,,0.0,0.0,0.0,0.0,0.0,3.0,0.0,0.0,3.0,0.0,0.0,0.0,0.0,,0.0,,0.0,0.0,0.0,0.0,0,0,2016,16
Andre Branch,7042,ED,1,MIA,69,34,34,1,49.4,54.8,29.2,52.0,59.2,4.0,0.0,1.0,3.0,0.0,4.0,0.0,2.0,3.0,0.0,0.0,0.0,0.0,,0.0,,0.0,0.0,0.0,0.0,0,0,2016,16
Mychal Kendricks,7049,LB,1,PHI,14,0,9,5,72.8,72.0,74.8,,62.9,0.0,0.0,0.0,0.0,0.0,2.0,0.0,0.0,0.0,0.0,1.0,1.0,10.0,10.0,13.0,10.0,0.0,0.0,0.0,108.3,0,0,2016,16
Bobby Wagner,7050,LB,1,SEA,60,8,30,22,75.6,77.8,80.3,49.1,68.1,0.0,0.0,0.0,0.0,0.0,5.0,2.0,0.0,4.0,0.0,1.0,1.0,6.0,6.0,1.0,6.0,0.0,0.0,0.0,91.7,1,0,2016,16
Tavon Wilson,7051,S,1,DET,44,2,25,17,81.8,83.4,83.3,58.7,66.1,0.0,0.0,0.0,0.0,0.0,6.0,1.0,0.0,4.0,0.0,1.0,1.0,4.0,4.0,7.0,4.0,0.0,0.0,0.0,83.3,0,0,2016,16
Kendall Reyes,7052,DI,1,KC,15,9,6,0,47.9,53.4,,52.5,,0.0,0.0,0.0,0.0,0.0,0.0,0.0,0.0,0.0,0.0,0.0,0.0,0.0,,0.0,,0.0,0.0,0.0,0.0,0,0,2016,16
Zach Brown,7055,LB,1,BUF,62,1,38,23,52.2,60.6,28.3,59.2,46.9,0.0,0.0,0.0,0.0,0.0,4.0,2.0,3.0,1.0,0.0,2.0,2.0,76.0,38.0,63.0,56.0,1.0,0.0,1.0,158.3,0,0,2016,16
Lavonte David,7060,LB,1,TB,71,6,32,33,56.3,56.4,45.5,62.0,56.3,1.0,1.0,0.0,0.0,0.0,4.0,0.0,1.0,2.0,0.0,5.0,3.0,21.0,7.0,17.0,11.0,0.0,0.0,0.0,69.6,0,0,2016,16
Vinny Curry,7061,ED,1,PHI,35,29,6,0,70.3,66.8,27.6,64.9,,4.0,0.0,2.0,2.0,0.0,1.0,0.0,1.0,1.0,0.0,0.0,0.0,0.0,,0.0,,0.0,0.0,0.0,0.0,0,0,2016,16
Casey Hayward Jr.,7064,CB,1,SD,69,0,25,44,70.6,64.6,,,70.5,0.0,0.0,0.0,0.0,0.0,0.0,0.0,0.0,0.0,0.0,2.0,0.0,0.0,,0.0,,0.0,0.0,2.0,39.6,1,0,2016,16
Trumaine Johnson,7067,CB,1,LA,75,0,27,48,68.2,64.4,29.5,,67.7,0.0,0.0,0.0,0.0,0.0,2.0,0.0,1.0,1.0,0.0,1.0,0.0,0.0,,0.0,,0.0,0.0,0.0,39.6,0,0,2016,16
Olivier Vernon,7074,ED,1,NYG,56,28,27,1,61.7,72.7,28.1,51.2,58.8,3.0,0.0,1.0,2.0,0.0,2.0,1.0,2.0,2.0,0.0,0.0,0.0,0.0,,0.0,,0.0,0.0,0.0,0.0,1,0,2016,16
Demario Davis,7079,LB,1,CLV,22,6,11,5,68.3,70.9,73.2,72.6,46.3,3.0,0.0,0.0,3.0,0.0,1.0,0.0,0.0,1.0,0.0,1.0,1.0,1.0,1.0,1.0,1.0,1.0,0.0,0.0,118.8,0,0,2016,16
Sean Spence,7087,LB,1,TEN,32,3,9,20,59.4,49.3,79.2,72.2,61.1,1.0,1.0,0.0,0.0,0.0,3.0,1.0,0.0,1.0,0.0,1.0,1.0,6.0,6.0,0.0,6.0,0.0,0.0,0.0,91.7,0,0,2016,16
Akiem Hicks,7090,DI,1,CHI,61,28,32,1,64.7,58.1,72.4,60.9,66.8,3.0,0.0,1.0,2.0,0.0,6.0,1.0,0.0,4.0,0.0,1.0,1.0,17.0,17.0,20.0,17.0,1.0,0.0,0.0,158.3,0,0,2016,16
Nigel Bradham,7105,LB,1,PHI,88,0,26,62,68.0,64.8,53.6,,66.7,0.0,0.0,0.0,0.0,0.0,10.0,3.0,2.0,6.0,0.0,8.0,7.0,73.0,10.4,52.0,33.0,0.0,0.0,0.0,104.7,0,0,2016,16
Kyle Wilber,7113,LB,1,DAL,3,3,0,0,69.0,,84.9,67.6,,0.0,0.0,0.0,0.0,0.0,0.0,0.0,0.0,0.0,0.0,0.0,0.0,0.0,,0.0,,0.0,0.0,0.0,0.0,0,0,2016,16
Coty Sensabaugh,7115,CB,1,NYG,12,1,4,7,76.5,65.1,79.4,65.6,67.4,1.0,0.0,1.0,0.0,0.0,2.0,0.0,0.0,1.0,0.0,0.0,0.0,0.0,,0.0,,0.0,0.0,0.0,0.0,0,0,2016,16
Keenan Robinson,7119,LB,1,NYG,30,2,12,16,37.5,55.0,75.8,53.7,38.7,0.0,0.0,0.0,0.0,0.0,3.0,0.0,0.0,1.0,0.0,1.0,1.0,16.0,16.0,12.0,16.0,0.0,0.0,0.0,118.8,0,0,2016,16
Jared Crick,7126,DI,1,DEN,71,37,34,0,68.0,69.7,71.4,57.4,,1.0,0.0,0.0,1.0,0.0,4.0,1.0,0.0,3.0,0.0,0.0,0.0,0.0,,0.0,,0.0,0.0,0.0,0.0,0,0,2016,16
Mike Daniels,7132,DI,1,GB,49,31,16,2,65.6,61.2,68.4,63.7,60.7,3.0,1.0,0.0,2.0,0.0,0.0,1.0,0.0,1.0,0.0,0.0,0.0,0.0,,0.0,,0.0,0.0,0.0,0.0,0,0,2016,16
Tahir Whitehead,7135,LB,1,DET,52,0,27,25,55.4,37.8,78.7,80.3,67.1,1.0,1.0,0.0,0.0,0.0,4.0,1.0,0.0,2.0,0.0,4.0,2.0,20.0,10.0,11.0,14.0,0.0,0.0,0.0,64.6,0,0,2016,16
Najee Goode,7137,LB,1,PHI,1,0,0,1,60.1,,81.0,,60.0,0.0,0.0,0.0,0.0,0.0,0.0,0.0,0.0,0.0,0.0,0.0,0.0,0.0,,0.0,,0.0,0.0,0.0,0.0,0,0,2016,16
Tank Carder,7141,ED,1,CLV,3,0,2,1,60.2,59.9,,,60.0,0.0,0.0,0.0,0.0,0.0,0.0,0.0,0.0,0.0,0.0,0.0,0.0,0.0,,0.0,,0.0,0.0,0.0,0.0,0,0,2016,16
Korey Toomer,7147,LB,1,SD,5,0,2,3,79.9,62.3,80.1,76.2,61.3,1.0,1.0,0.0,0.0,0.0,1.0,0.0,0.0,1.0,0.0,0.0,0.0,0.0,,0.0,,0.0,0.0,0.0,0.0,0,0,2016,16
Jack Crawford,7151,ED,1,DAL,43,24,17,2,53.6,62.2,72.6,58.2,54.9,2.0,0.0,1.0,1.0,0.0,3.0,1.0,0.0,2.0,0.0,1.0,1.0,12.0,12.0,7.0,12.0,0.0,0.0,0.0,116.7,0,0,2016,16
George Iloka,7159,S,1,CIN,64,1,23,40,77.7,75.9,83.7,63.6,69.6,0.0,0.0,0.0,0.0,0.0,2.0,2.0,0.0,1.0,0.0,1.0,1.0,2.0,2.0,0.0,2.0,0.0,0.0,0.0,79.2,0,0,2016,16
Asa Jackson,7161,CB,1,DET,24,0,7,17,53.5,60.7,24.6,,51.8,0.0,0.0,0.0,0.0,0.0,0.0,0.0,1.0,0.0,0.0,4.0,3.0,29.0,9.7,23.0,12.0,0.0,0.0,0.0,94.8,0,0,2016,16
Jeremy Lane,7164,CB,1,SEA,41,0,19,22,31.8,53.2,74.5,,29.8,0.0,0.0,0.0,0.0,0.0,1.0,1.0,0.0,0.0,0.0,4.0,3.0,95.0,31.7,41.0,80.0,1.0,0.0,0.0,156.3,1,0,2016,16
Keith Tandy,7166,S,1,TB,71,1,32,38,66.9,65.4,81.9,58.8,64.6,0.0,0.0,0.0,0.0,0.0,3.0,1.0,0.0,0.0,0.0,2.0,1.0,21.0,21.0,1.0,21.0,0.0,0.0,0.0,87.5,0,0,2016,16
Billy Winn,7190,DI,1,DEN,38,20,18,0,55.2,57.2,,54.2,,0.0,0.0,0.0,0.0,0.0,0.0,0.0,0.0,0.0,0.0,0.0,0.0,0.0,,0.0,,0.0,0.0,0.0,0.0,0,0,2016,16
Nate Ebner,7193,S,1,NE,2,1,0,1,60.1,,81.1,59.1,60.0,0.0,0.0,0.0,0.0,0.0,0.0,0.0,0.0,0.0,0.0,0.0,0.0,0.0,,0.0,,0.0,0.0,0.0,0.0,0,0,2016,16
Nate Stupar,7214,LB,1,NO,9,0,4,5,48.2,62.9,73.2,,46.8,0.0,0.0,0.0,0.0,0.0,1.0,0.0,0.0,0.0,0.0,1.0,1.0,5.0,5.0,0.0,5.0,0.0,0.0,0.0,87.5,0,0,2016,16
Cam Johnson,7221,ED,1,CLV,34,19,11,4,69.9,65.2,,64.7,63.5,3.0,0.0,0.0,3.0,0.0,0.0,0.0,0.0,0.0,0.0,0.0,0.0,0.0,,0.0,,0.0,0.0,0.0,0.0,0,0,2016,16
Trevin Wade,7227,CB,1,NYG,25,0,8,17,85.0,51.1,75.5,,89.7,0.0,0.0,0.0,0.0,0.0,3.0,0.0,0.0,2.0,0.0,6.0,4.0,25.0,6.3,14.0,7.0,0.0,0.0,1.0,75.0,0,0,2016,16
Rodney McLeod,7271,S,1,PHI,89,0,26,63,66.0,67.2,58.8,,62.6,0.0,0.0,0.0,0.0,0.0,2.0,0.0,1.0,1.0,0.0,0.0,0.0,0.0,,0.0,,0.0,0.0,0.0,0.0,0,0,2016,16
Michael Thomas,7279,S,1,MIA,69,1,41,27,63.5,68.2,56.0,66.0,55.2,1.0,0.0,1.0,0.0,0.0,7.0,0.0,2.0,1.0,0.0,1.0,1.0,7.0,7.0,0.0,7.0,1.0,0.0,0.0,135.4,0,0,2016,16
Tashaun Gipson Sr.,7288,S,1,JAX,71,0,20,51,38.2,64.2,78.0,,40.3,0.0,0.0,0.0,0.0,0.0,1.0,0.0,0.0,0.0,0.0,2.0,1.0,14.0,14.0,15.0,14.0,0.0,0.0,1.0,72.9,0,0,2016,16
Duke Ihenacho,7297,S,1,WAS,48,1,19,28,42.3,30.2,33.2,59.1,64.5,0.0,0.0,0.0,0.0,0.0,3.0,0.0,2.0,1.0,0.0,0.0,0.0,0.0,,0.0,,0.0,0.0,0.0,0.0,1,0,2016,16
Robert Golden,7303,S,1,PIT,4,0,3,1,60.7,60.0,,,60.0,0.0,0.0,0.0,0.0,0.0,0.0,0.0,0.0,0.0,0.0,0.0,0.0,0.0,,0.0,,0.0,0.0,0.0,0.0,0,0,2016,16
Damon Harrison Sr.,7355,DI,1,NYG,40,17,23,0,79.3,77.9,29.7,60.5,,1.0,0.0,0.0,1.0,0.0,2.0,1.0,1.0,1.0,0.0,0.0,0.0,0.0,,0.0,,0.0,0.0,0.0,0.0,0,0,2016,16
Valentino Blake,7362,CB,1,TEN,62,0,20,42,50.0,72.7,81.7,,45.1,0.0,0.0,0.0,0.0,0.0,8.0,0.0,0.0,2.0,0.0,11.0,9.0,150.0,16.7,42.0,37.0,0.0,0.0,1.0,118.8,0,0,2016,16
Ryan Davis Sr.,7365,ED,1,DAL,9,4,5,0,57.5,60.3,,55.2,,0.0,0.0,0.0,0.0,0.0,0.0,0.0,0.0,0.0,0.0,0.0,0.0,0.0,,0.0,,0.0,0.0,0.0,0.0,0,0,2016,16
Johnson Bademosi,7374,CB,1,DET,46,0,17,29,56.4,69.4,79.3,,52.2,0.0,0.0,0.0,0.0,0.0,5.0,1.0,0.0,0.0,0.0,4.0,3.0,63.0,21.0,7.0,30.0,1.0,0.0,0.0,156.3,2,1,2016,16
Leonard Johnson,7385,CB,1,CAR,30,0,6,24,56.9,50.8,80.4,,59.9,0.0,0.0,0.0,0.0,0.0,4.0,0.0,0.0,1.0,0.0,5.0,5.0,45.0,9.0,36.0,22.0,0.0,0.0,0.0,104.2,0,0,2016,16
Kelcie McCray,7396,S,1,SEA,1,0,1,0,61.9,60.0,,,,0.0,0.0,0.0,0.0,0.0,0.0,0.0,0.0,0.0,0.0,0.0,0.0,0.0,,0.0,,0.0,0.0,0.0,0.0,0,0,2016,16
Tony Jerod-Eddie,7432,DI,1,SF,4,1,3,0,56.9,58.7,,59.7,,0.0,0.0,0.0,0.0,0.0,0.0,0.0,0.0,0.0,0.0,0.0,0.0,0.0,,0.0,,0.0,0.0,0.0,0.0,0,0,2016,16
DeShawn Shead,7450,CB,1,SEA,59,0,29,30,62.9,71.9,60.4,,57.3,0.0,0.0,0.0,0.0,0.0,7.0,2.0,1.0,4.0,0.0,3.0,3.0,58.0,19.3,14.0,34.0,0.0,0.0,0.0,118.8,0,0,2016,16
Tyrunn Walker,7459,DI,1,DET,23,11,12,0,53.3,51.2,66.8,61.9,,1.0,0.0,0.0,1.0,0.0,1.0,0.0,0.0,1.0,0.0,0.0,0.0,0.0,,0.0,,0.0,0.0,0.0,0.0,0,0,2016,16
Eddie Pleasant,7593,S,1,HST,23,5,2,16,66.7,46.7,79.5,62.8,85.3,1.0,0.0,0.0,1.0,0.0,3.0,0.0,0.0,1.0,0.0,3.0,2.0,10.0,5.0,8.0,9.0,0.0,0.0,0.0,71.5,1,1,2016,16
Harrison Smith,7641,S,1,MIN,59,5,14,40,49.2,63.0,59.8,54.9,48.8,0.0,0.0,0.0,0.0,0.0,4.0,0.0,1.0,0.0,0.0,5.0,4.0,31.0,7.8,7.0,13.0,1.0,0.0,0.0,132.1,0,0,2016,16
Malik Jackson,7647,DI,1,JAX,51,38,12,1,73.0,65.2,70.2,69.9,60.0,5.0,0.0,1.0,4.0,1.0,2.0,1.0,0.0,1.0,0.0,0.0,0.0,0.0,,0.0,,0.0,0.0,0.0,0.0,0,0,2016,16
Josh Norman,7649,CB,1,WAS,68,0,25,43,68.4,52.7,79.0,,75.3,0.0,0.0,0.0,0.0,0.0,5.0,0.0,0.0,0.0,0.0,9.0,4.0,78.0,19.5,12.0,37.0,0.0,2.0,2.0,35.6,1,1,2016,16
Corey White,7652,CB,1,BUF,48,1,22,25,56.7,36.3,26.7,60.0,71.6,0.0,0.0,0.0,0.0,0.0,1.0,1.0,2.0,1.0,0.0,6.0,3.0,24.0,8.0,21.0,15.0,1.0,1.0,0.0,60.4,0,0,2016,16
Justin Bethel,7654,CB,1,ARZ,67,0,17,50,69.5,63.1,80.9,,69.6,0.0,0.0,0.0,0.0,0.0,5.0,0.0,0.0,3.0,0.0,9.0,4.0,14.0,3.5,16.0,9.0,1.0,0.0,3.0,88.7,0,0,2016,16
Sheldon Richardson,7794,ED,1,NYJ,51,27,24,0,56.3,59.6,52.7,53.1,,1.0,0.0,1.0,0.0,0.0,5.0,3.0,1.0,3.0,0.0,0.0,0.0,0.0,,0.0,,0.0,0.0,0.0,0.0,0,0,2016,16
Star Lotulelei,7795,DI,1,CAR,43,29,14,0,31.7,29.0,68.2,54.0,60.0,1.0,0.0,0.0,1.0,0.0,2.0,0.0,0.0,1.0,0.0,0.0,0.0,0.0,,0.0,,0.0,0.0,0.0,0.0,0,0,2016,16
Xavier Rhodes,7806,CB,1,MIN,53,0,11,42,57.9,73.0,80.2,,54.6,0.0,0.0,0.0,0.0,0.0,6.0,1.0,0.0,2.0,0.0,5.0,4.0,27.0,6.8,9.0,14.0,0.0,0.0,0.0,89.2,0,0,2016,16
Datone Jones,7807,ED,1,GB,52,29,15,8,59.8,67.2,73.3,56.4,56.3,2.0,0.0,0.0,2.0,0.0,2.0,1.0,0.0,0.0,0.0,0.0,0.0,0.0,,0.0,,0.0,0.0,0.0,0.0,0,0,2016,16
Sylvester Williams,7809,DI,1,DEN,47,24,23,0,67.3,72.4,69.7,63.6,,1.0,0.0,0.0,1.0,0.0,2.0,1.0,0.0,1.0,0.0,0.0,0.0,0.0,,0.0,,0.0,0.0,0.0,0.0,1,0,2016,16
Alec Ogletree,7811,LB,1,LA,75,10,27,38,41.5,76.8,81.8,66.1,28.9,1.0,0.0,0.0,1.0,1.0,7.0,0.0,0.0,1.0,0.0,9.0,8.0,91.0,11.4,51.0,21.0,1.0,0.0,0.0,145.8,0,0,2016,16
Johnathan Cyprien,7814,S,1,JAX,71,1,20,50,69.7,68.4,79.0,57.2,67.1,0.0,0.0,0.0,0.0,0.0,3.0,1.0,0.0,1.0,0.0,3.0,1.0,0.0,0.0,0.0,0.0,0.0,0.0,1.0,42.4,0,0,2016,16
Johnthan Banks,7824,CB,1,CHI,65,1,34,30,66.7,46.4,,57.7,72.7,0.0,0.0,0.0,0.0,0.0,0.0,0.0,0.0,0.0,0.0,2.0,1.0,16.0,16.0,0.0,16.0,0.0,0.0,1.0,77.1,0,0,2016,16
Kawann Short,7825,DI,1,CAR,48,31,16,1,79.5,75.7,72.2,69.2,60.0,6.0,1.0,3.0,2.0,0.0,2.0,1.0,0.0,3.0,0.0,0.0,0.0,0.0,,0.0,,0.0,0.0,0.0,0.0,0,0,2016,16
Kevin Minter,7826,LB,1,ARZ,83,14,25,44,57.4,51.1,74.2,67.4,57.8,3.0,0.0,1.0,2.0,0.0,1.0,1.0,0.0,0.0,0.0,0.0,0.0,0.0,,0.0,,0.0,0.0,0.0,0.0,0,0,2016,16
Kiko Alonso,7827,LB,1,MIA,92,1,46,45,46.4,29.5,47.6,59.1,70.6,1.0,0.0,0.0,1.0,0.0,5.0,0.0,1.0,1.0,0.0,3.0,2.0,6.0,3.0,9.0,9.0,0.0,0.0,0.0,70.1,0,0,2016,16
Johnathan Hankins,7830,DI,1,NYG,45,19,26,0,43.3,46.1,21.0,60.6,60.0,3.0,0.0,0.0,3.0,0.0,0.0,0.0,2.0,0.0,0.0,0.0,0.0,0.0,,0.0,,0.0,0.0,0.0,0.0,0,0,2016,16
David Amerson,7832,CB,1,OAK,55,0,20,35,61.6,64.1,72.5,,60.3,0.0,0.0,0.0,0.0,0.0,1.0,0.0,0.0,0.0,0.0,2.0,1.0,12.0,12.0,3.0,12.0,0.0,0.0,0.0,68.8,0,0,2016,16
Jamie Collins Sr.,7833,LB,1,CLV,68,14,19,35,55.8,58.8,59.9,69.2,50.2,3.0,0.0,1.0,2.0,0.0,4.0,1.0,1.0,1.0,0.0,6.0,4.0,42.0,10.5,0.0,16.0,0.0,0.0,0.0,86.8,0,0,2016,16
Margus Hunt,7834,ED,1,CIN,23,7,16,0,53.7,61.1,69.6,64.7,,0.0,0.0,0.0,0.0,0.0,1.0,0.0,0.0,1.0,0.0,0.0,0.0,0.0,,0.0,,0.0,0.0,0.0,0.0,1,0,2016,16
Jamar Taylor,7835,CB,1,CLV,64,2,17,45,77.9,85.5,29.7,55.9,79.2,1.0,0.0,0.0,1.0,0.0,4.0,0.0,2.0,3.0,0.0,10.0,5.0,71.0,14.2,43.0,19.0,0.0,1.0,2.0,33.8,2,0,2016,16
D.J. Swearinger Sr.,7838,S,1,ARZ,83,2,25,56,71.7,68.7,83.4,56.2,69.8,1.0,0.0,0.0,1.0,0.0,6.0,0.0,0.0,2.0,0.0,1.0,0.0,0.0,,0.0,,0.0,0.0,1.0,39.6,1,0,2016,16
Robert Alford,7841,CB,1,ATL,66,0,18,48,73.2,63.3,77.5,,78.0,0.0,0.0,0.0,0.0,0.0,1.0,0.0,0.0,1.0,0.0,6.0,2.0,24.0,12.0,5.0,17.0,0.0,0.0,2.0,46.5,1,0,2016,16
Sio Moore,7847,LB,1,ARZ,83,4,25,54,71.4,86.5,81.0,66.4,54.7,2.0,0.0,1.0,1.0,0.0,6.0,2.0,0.0,5.0,0.0,7.0,7.0,101.0,14.4,36.0,37.0,1.0,0.0,0.0,158.3,0,0,2016,16
Bennie Logan,7848,DI,1,PHI,49,28,20,1,56.1,60.6,26.2,52.3,60.0,2.0,0.0,0.0,2.0,0.0,1.0,0.0,1.0,0.0,0.0,0.0,0.0,0.0,,0.0,,0.0,0.0,0.0,0.0,0,0,2016,16
T.J. McDonald,7852,S,1,LA,75,8,27,40,61.9,64.8,77.6,52.4,61.2,0.0,0.0,0.0,0.0,0.0,3.0,0.0,0.0,1.0,0.0,2.0,1.0,12.0,12.0,6.0,12.0,0.0,0.0,0.0,68.8,0,0,2016,16
J.J. Wilcox,7861,S,1,DAL,50,2,9,39,74.9,62.0,61.8,58.0,71.8,0.0,0.0,0.0,0.0,0.0,3.0,2.0,1.0,1.0,0.0,4.0,3.0,25.0,8.3,12.0,12.0,0.0,1.0,1.0,51.0,0,0,2016,16
Logan Ryan,7864,CB,1,NE,44,3,19,22,82.1,67.1,78.4,55.9,85.8,1.0,0.0,0.0,1.0,0.0,2.0,1.0,0.0,1.0,0.0,2.0,0.0,0.0,,0.0,,0.0,0.0,1.0,39.6,0,0,2016,16
Shawn Williams,7865,S,1,CIN,64,2,23,39,55.5,55.1,78.4,68.8,55.5,2.0,0.0,1.0,1.0,0.0,3.0,0.0,0.0,0.0,0.0,4.0,2.0,33.0,16.5,23.0,24.0,0.0,0.0,0.0,78.1,0,0,2016,16
Duron Harmon,7872,S,1,NE,32,0,15,17,62.2,56.1,55.8,,63.9,0.0,0.0,0.0,0.0,0.0,3.0,0.0,1.0,0.0,0.0,0.0,0.0,0.0,,0.0,,0.0,0.0,0.0,0.0,0,0,2016,16
Brandon Williams,7875,DI,1,BLT,38,18,20,0,59.2,62.1,24.7,52.9,,1.0,0.0,0.0,1.0,0.0,2.0,0.0,1.0,2.0,0.0,0.0,0.0,0.0,,0.0,,0.0,0.0,0.0,0.0,0,0,2016,16
Zaviar Gooden,7879,LB,1,ARZ,3,1,2,0,59.2,60.0,78.2,59.1,,0.0,0.0,0.0,0.0,0.0,0.0,0.0,0.0,0.0,0.0,0.0,0.0,0.0,,0.0,,0.0,0.0,0.0,0.0,0,0,2016,16
Akeem Spence,7882,DI,1,TB,11,6,5,0,37.3,53.1,,65.3,,1.0,0.0,0.0,1.0,0.0,0.0,0.0,0.0,0.0,0.0,0.0,0.0,0.0,,0.0,,0.0,0.0,0.0,0.0,1,0,2016,16
Alex Okafor,7885,ED,1,ARZ,17,15,2,0,77.4,61.1,70.7,73.6,,2.0,1.0,0.0,1.0,0.0,1.0,0.0,0.0,1.0,0.0,0.0,0.0,0.0,,0.0,,0.0,0.0,0.0,0.0,0,0,2016,16
B.W. Webb,7896,CB,1,NO,58,0,16,42,68.1,66.5,75.4,,67.2,0.0,0.0,0.0,0.0,0.0,1.0,0.0,0.0,0.0,0.0,6.0,3.0,32.0,10.7,25.0,12.0,0.0,0.0,1.0,66.0,0,0,2016,16
Gerald Hodges,7902,LB,1,SF,54,3,27,24,75.9,68.3,72.0,54.4,75.7,0.0,0.0,0.0,0.0,0.0,10.0,2.0,1.0,4.0,0.0,3.0,2.0,5.0,2.5,14.0,6.0,0.0,0.0,0.0,70.1,0,0,2016,16
John Simon,7911,ED,1,HST,28,20,5,3,83.0,70.1,69.9,64.6,77.3,1.0,0.0,0.0,1.0,0.0,1.0,0.0,1.0,1.0,0.0,1.0,1.0,4.0,4.0,6.0,4.0,0.0,0.0,0.0,83.3,0,0,2016,16
Devin Taylor,7914,ED,1,DET,35,24,10,1,49.3,48.7,69.6,53.2,60.2,2.0,0.0,0.0,2.0,0.0,1.0,0.0,1.0,0.0,0.0,0.0,0.0,0.0,,0.0,,0.0,0.0,0.0,0.0,0,0,2016,16
Jonathan Meeks,7925,S,1,BUF,2,0,2,0,60.0,60.0,85.7,,,0.0,0.0,0.0,0.0,0.0,0.0,0.0,0.0,0.0,0.0,0.0,0.0,0.0,,0.0,,0.0,0.0,0.0,0.0,0,0,2016,16
A.J. Klein,7930,LB,1,CAR,33,1,17,15,40.6,53.1,73.3,59.9,43.3,0.0,0.0,0.0,0.0,0.0,1.0,0.0,0.0,0.0,0.0,2.0,2.0,21.0,10.5,4.0,15.0,0.0,0.0,0.0,110.4,0,0,2016,16
Quinton Dial,7939,DI,1,SF,27,8,18,1,51.7,53.5,71.8,53.4,60.0,0.0,0.0,0.0,0.0,0.0,2.0,2.0,0.0,1.0,0.0,0.0,0.0,0.0,,0.0,,0.0,0.0,0.0,0.0,0,0,2016,16
Micah Hyde,7941,CB,1,GB,71,2,19,50,64.6,45.7,34.6,57.6,69.7,0.0,0.0,0.0,0.0,0.0,2.0,1.0,1.0,2.0,0.0,6.0,3.0,11.0,3.7,-1.0,5.0,1.0,0.0,1.0,95.8,0,0,2016,16
Cornelius Washington,7969,DI,1,CHI,9,8,1,0,50.7,60.0,,51.2,,2.0,0.0,0.0,2.0,0.0,0.0,0.0,0.0,0.0,0.0,0.0,0.0,0.0,,0.0,,0.0,0.0,0.0,0.0,0,0,2016,16
Bacarri Rambo,7972,S,1,MIA,61,0,27,34,44.2,64.8,65.9,,42.4,0.0,0.0,0.0,0.0,0.0,7.0,0.0,2.0,2.0,0.0,2.0,2.0,50.0,25.0,18.0,34.0,0.0,0.0,0.0,118.8,0,0,2016,16
Nate Palmer,7974,LB,1,TEN,9,5,3,1,67.0,65.1,72.8,55.8,61.0,0.0,0.0,0.0,0.0,0.0,1.0,1.0,0.0,0.0,0.0,1.0,1.0,9.0,9.0,6.0,9.0,0.0,0.0,0.0,104.2,0,0,2016,16
Chris Jones,7979,DI,1,SF,36,14,22,0,56.1,52.0,70.3,65.5,,2.0,0.0,0.0,2.0,0.0,3.0,1.0,0.0,3.0,0.0,0.0,0.0,0.0,,0.0,,0.0,0.0,0.0,0.0,0,0,2016,16
Nick Williams,8006,DI,1,MIA,14,6,8,0,51.8,54.5,69.0,55.4,,0.0,0.0,0.0,0.0,0.0,2.0,0.0,0.0,0.0,0.0,0.0,0.0,0.0,,0.0,,0.0,0.0,0.0,0.0,0,0,2016,16
Daimion Stafford,8031,S,1,TEN,35,1,13,21,67.0,56.5,79.6,60.0,68.4,0.0,0.0,0.0,0.0,0.0,3.0,1.0,0.0,1.0,0.0,3.0,3.0,15.0,5.0,7.0,6.0,0.0,0.0,0.0,87.5,0,0,2016,16
Damion Square,8042,DI,1,SD,50,27,23,0,76.9,68.9,70.0,75.7,69.2,3.0,2.0,0.0,1.0,0.0,0.0,1.0,0.0,2.0,0.0,0.0,0.0,0.0,,0.0,,0.0,0.0,0.0,0.0,1,0,2016,16
Josh McNary,8073,LB,1,IND,1,0,1,0,60.1,60.0,86.8,,,0.0,0.0,0.0,0.0,0.0,0.0,0.0,0.0,0.0,0.0,0.0,0.0,0.0,,0.0,,0.0,0.0,0.0,0.0,0,0,2016,16
Daren Bates,8077,LB,1,OAK,1,0,1,0,60.0,60.0,71.0,,,0.0,0.0,0.0,0.0,0.0,1.0,0.0,0.0,1.0,0.0,0.0,0.0,0.0,,0.0,,0.0,0.0,0.0,0.0,0,0,2016,16
Ezekiel Ansah,8094,ED,1,DET,37,18,19,0,69.4,68.3,75.3,61.1,,2.0,1.0,0.0,1.0,0.0,4.0,2.0,0.0,4.0,0.0,0.0,0.0,0.0,,0.0,,0.0,0.0,0.0,0.0,0,0,2016,16
Rontez Miles,8102,S,1,NYJ,73,0,39,34,61.9,75.9,80.8,,51.2,0.0,0.0,0.0,0.0,0.0,10.0,4.0,1.0,4.0,0.0,2.0,1.0,5.0,5.0,0.0,5.0,1.0,0.0,0.0,95.8,0,0,2016,16
A.J. Bouye,8110,CB,1,HST,61,0,19,42,83.1,67.4,81.8,,83.3,0.0,0.0,0.0,0.0,0.0,9.0,0.0,0.0,4.0,0.0,12.0,8.0,126.0,15.8,105.0,86.0,1.0,0.0,3.0,129.2,0,0,2016,16
Jahleel Addae,8117,S,1,SD,70,3,26,41,65.0,75.7,78.3,55.3,58.6,1.0,0.0,0.0,1.0,0.0,3.0,0.0,0.0,3.0,0.0,3.0,2.0,28.0,14.0,10.0,17.0,0.0,0.0,0.0,96.5,0,0,2016,16
Paul Worrilow,8141,LB,1,ATL,51,1,18,32,62.0,46.9,78.4,57.9,70.3,0.0,0.0,0.0,0.0,0.0,4.0,1.0,1.0,3.0,0.0,0.0,0.0,0.0,,0.0,,0.0,0.0,0.0,0.0,0,0,2016,16
Marcus Burley,8142,CB,1,CLV,1,0,0,1,63.9,,72.5,,62.9,0.0,0.0,0.0,0.0,0.0,1.0,0.0,0.0,0.0,0.0,0.0,0.0,0.0,,0.0,,0.0,0.0,0.0,0.0,0,0,2016,16
Abry Jones,8177,DI,1,JAX,33,17,16,0,82.4,85.6,70.5,56.7,,0.0,0.0,0.0,0.0,0.0,2.0,2.0,0.0,2.0,0.0,0.0,0.0,0.0,,0.0,,0.0,0.0,0.0,0.0,0,0,2016,16
T.J. Barnes,8184,DI,1,KC,11,8,3,0,38.8,46.2,,53.9,,0.0,0.0,0.0,0.0,0.0,0.0,0.0,0.0,0.0,0.0,0.0,0.0,0.0,,0.0,,0.0,0.0,0.0,0.0,0,0,2016,16
Benson Mayowa,8196,ED,1,DAL,42,32,10,0,55.6,61.0,71.2,61.2,,3.0,2.0,0.0,1.0,0.0,0.0,0.0,0.0,2.0,0.0,0.0,0.0,0.0,,0.0,,0.0,0.0,0.0,0.0,1,1,2016,16
Bradley McDougald,8220,S,1,TB,50,1,25,24,46.9,46.2,26.1,60.0,53.4,0.0,0.0,0.0,0.0,0.0,2.0,0.0,2.0,0.0,0.0,0.0,0.0,0.0,,0.0,,0.0,0.0,0.0,0.0,0,0,2016,16
Will Compton,8308,LB,1,WAS,39,1,17,21,51.5,51.1,76.0,59.0,57.9,0.0,0.0,0.0,0.0,0.0,2.0,0.0,0.0,2.0,0.0,0.0,0.0,0.0,,0.0,,0.0,0.0,0.0,0.0,0,0,2016,16
Rashaan Melvin,8334,CB,1,IND,71,0,33,38,65.1,62.7,61.4,,64.7,0.0,0.0,0.0,0.0,0.0,5.0,0.0,1.0,2.0,1.0,6.0,4.0,54.0,13.5,14.0,34.0,1.0,0.0,1.0,134.7,1,0,2016,16
Demontre Hurst,8359,S,1,CHI,11,0,7,4,66.5,62.2,,,65.5,0.0,0.0,0.0,0.0,0.0,0.0,0.0,0.0,0.0,0.0,0.0,0.0,0.0,,0.0,,0.0,0.0,0.0,0.0,0,0,2016,16
Brandon Copeland,8378,LB,1,DET,11,0,11,0,69.9,67.2,78.2,,,0.0,0.0,0.0,0.0,0.0,0.0,0.0,0.0,0.0,0.0,0.0,0.0,0.0,,0.0,,0.0,0.0,0.0,0.0,0,0,2016,16
Josh Johnson,8386,CB,1,JAX,41,7,5,29,63.7,60.0,26.5,56.5,64.7,1.0,0.0,0.0,1.0,0.0,0.0,0.0,1.0,0.0,0.0,0.0,0.0,0.0,,0.0,,0.0,0.0,0.0,0.0,0,0,2016,16
Stefan Charles,8387,DI,1,DET,21,7,14,0,75.5,75.5,66.8,54.9,,0.0,0.0,0.0,0.0,0.0,1.0,0.0,0.0,0.0,0.0,0.0,0.0,0.0,,0.0,,0.0,0.0,0.0,0.0,0,0,2016,16
Jeff Heath,8396,S,1,DAL,22,1,2,19,59.4,60.0,78.0,58.4,59.6,0.0,0.0,0.0,0.0,0.0,3.0,0.0,0.0,0.0,0.0,4.0,3.0,37.0,12.3,17.0,16.0,0.0,0.0,1.0,103.1,0,0,2016,16
Steven Terrell,8450,S,1,SEA,59,0,29,30,45.8,67.5,23.2,,43.6,0.0,0.0,0.0,0.0,0.0,2.0,1.0,2.0,0.0,0.0,1.0,0.0,0.0,,0.0,,0.0,0.0,0.0,39.6,0,0,2016,16
Darryl Morris,8456,CB,1,IND,46,0,16,30,45.0,47.0,43.9,,45.8,0.0,0.0,0.0,0.0,0.0,4.0,0.0,1.0,1.0,0.0,9.0,5.0,68.0,13.6,29.0,35.0,1.0,0.0,2.0,116.9,0,0,2016,16
Cody Davis,8458,S,1,LA,75,3,27,45,62.5,54.1,26.7,55.0,68.6,0.0,0.0,0.0,0.0,0.0,2.0,0.0,2.0,0.0,0.0,2.0,1.0,9.0,9.0,4.0,9.0,0.0,1.0,0.0,22.9,1,0,2016,16
Jordan Dangerfield,8468,S,1,PIT,2,0,0,2,60.5,,,,60.4,0.0,0.0,0.0,0.0,0.0,0.0,0.0,0.0,0.0,0.0,0.0,0.0,0.0,,0.0,,0.0,0.0,0.0,0.0,0,0,2016,16
Nickell Robey-Coleman,8483,CB,1,BUF,43,0,18,25,45.8,65.7,29.2,,40.7,0.0,0.0,0.0,0.0,0.0,1.0,0.0,1.0,0.0,0.0,0.0,0.0,0.0,,0.0,,0.0,0.0,0.0,0.0,0,0,2016,16
Wes Horton,8484,ED,1,CAR,26,13,12,1,37.5,32.8,,56.4,60.0,1.0,0.0,0.0,1.0,0.0,0.0,0.0,0.0,0.0,0.0,0.0,0.0,0.0,,0.0,,0.0,0.0,0.0,0.0,0,0,2016,16
LaRoy Reynolds,8500,LB,1,ATL,3,0,2,1,61.5,60.0,,,60.0,0.0,0.0,0.0,0.0,0.0,0.0,0.0,0.0,0.0,0.0,0.0,0.0,0.0,,0.0,,0.0,0.0,0.0,0.0,0,0,2016,16
Terence Garvin,8515,LB,1,WAS,18,0,6,12,62.5,49.4,47.1,,70.6,0.0,0.0,0.0,0.0,0.0,5.0,0.0,1.0,1.0,0.0,4.0,4.0,34.0,8.5,8.0,12.0,0.0,0.0,0.0,102.1,0,0,2016,16
Marcus Cromartie,8525,S,1,SF,6,1,0,5,61.7,,,58.3,62.7,0.0,0.0,0.0,0.0,0.0,0.0,0.0,0.0,0.0,0.0,0.0,0.0,0.0,,0.0,,0.0,0.0,0.0,0.0,0,0,2016,16
Mike Purcell,8530,DI,1,SF,12,8,4,0,65.3,67.3,68.6,54.7,,1.0,0.0,0.0,1.0,0.0,1.0,0.0,1.0,1.0,0.0,0.0,0.0,0.0,,0.0,,0.0,0.0,0.0,0.0,0,0,2016,16
Jadeveon Clowney,8636,ED,1,HST,57,40,17,0,73.7,76.0,42.7,62.4,,4.0,1.0,0.0,3.0,0.0,2.0,0.0,1.0,2.0,0.0,0.0,0.0,0.0,,0.0,,0.0,0.0,0.0,0.0,0,0,2016,16
Khalil Mack,8640,ED,1,OAK,49,32,16,1,79.6,55.2,46.3,76.4,77.2,11.0,0.0,1.0,10.0,0.0,4.0,0.0,1.0,1.0,0.0,1.0,1.0,4.0,4.0,3.0,4.0,0.0,0.0,0.0,83.3,0,0,2016,16
Anthony Barr,8644,LB,1,MIN,59,8,14,37,72.5,85.6,61.4,66.6,55.9,2.0,0.0,1.0,1.0,0.0,4.0,1.0,1.0,4.0,0.0,4.0,4.0,48.0,12.0,27.0,21.0,2.0,0.0,0.0,156.3,0,0,2016,16
Aaron Donald,8648,DI,1,LA,57,40,17,0,90.4,80.1,73.0,83.2,,6.0,1.0,1.0,4.0,0.0,4.0,2.0,0.0,4.0,0.0,0.0,0.0,0.0,,0.0,,0.0,0.0,0.0,0.0,0,0,2016,16
Ryan Shazier,8650,LB,1,PIT,76,11,27,38,29.7,49.6,48.5,54.8,29.5,2.0,0.0,0.0,2.0,0.0,6.0,2.0,2.0,1.0,0.0,9.0,7.0,84.0,12.0,28.0,18.0,1.0,1.0,0.0,103.0,1,0,2016,16
C.J. Mosley,8652,LB,1,BLT,58,2,22,34,60.2,48.1,79.8,55.9,76.6,0.0,0.0,0.0,0.0,0.0,6.0,0.0,0.0,1.0,0.0,4.0,3.0,57.0,19.0,9.0,21.0,0.0,1.0,0.0,77.1,1,0,2016,16
Calvin Pryor,8653,S,1,NYJ,62,7,32,23,64.0,58.6,53.0,51.0,69.2,3.0,0.0,0.0,3.0,0.0,2.0,1.0,2.0,0.0,0.0,1.0,1.0,8.0,8.0,0.0,8.0,0.0,0.0,0.0,100.0,0,0,2016,16
Ha Ha Clinton-Dix,8656,S,1,GB,78,1,21,56,69.0,71.8,84.6,59.1,64.3,0.0,0.0,0.0,0.0,0.0,5.0,2.0,0.0,1.0,0.0,2.0,1.0,4.0,4.0,1.0,4.0,0.0,0.0,1.0,56.3,0,0,2016,16
Dee Ford,8658,ED,1,KC,52,38,11,3,67.1,72.6,72.0,65.9,61.5,8.0,0.0,3.0,5.0,0.0,1.0,0.0,0.0,1.0,0.0,0.0,0.0,0.0,,0.0,,0.0,0.0,0.0,0.0,1,1,2016,16
Darqueze Dennard,8659,CB,1,CIN,28,2,5,21,73.3,60.0,82.3,74.1,70.2,1.0,0.0,1.0,0.0,0.0,1.0,0.0,0.0,0.0,0.0,0.0,0.0,0.0,,0.0,,0.0,0.0,0.0,0.0,0,0,2016,16
Marcus Smith,8661,ED,1,PHI,26,17,9,0,50.7,60.4,69.2,48.1,,0.0,0.0,0.0,0.0,0.0,0.0,1.0,0.0,0.0,0.0,0.0,0.0,0.0,,0.0,,0.0,0.0,0.0,0.0,0,0,2016,16
Dominique Easley,8664,DI,1,LA,31,17,8,6,67.3,73.4,71.2,69.8,55.7,3.0,1.0,0.0,2.0,0.0,4.0,0.0,0.0,4.0,0.0,1.0,1.0,14.0,14.0,14.0,14.0,0.0,0.0,0.0,118.8,0,0,2016,16
Bradley Roby,8666,CB,1,DEN,24,0,8,16,63.0,46.2,26.8,,69.1,0.0,0.0,0.0,0.0,0.0,1.0,0.0,1.0,0.0,0.0,2.0,0.0,0.0,,0.0,,0.0,0.0,0.0,39.6,0,0,2016,16
Ra'Shede Hageman,8672,DI,1,ATL,24,19,5,0,51.1,36.6,66.8,69.7,,3.0,1.0,0.0,2.0,0.0,0.0,0.0,0.0,1.0,0.0,0.0,0.0,0.0,,0.0,,0.0,0.0,0.0,0.0,0,0,2016,16
Kyle Van Noy,8675,LB,1,NE,45,1,24,20,46.8,44.6,43.3,59.3,57.6,0.0,0.0,0.0,0.0,0.0,3.0,2.0,1.0,1.0,0.0,1.0,1.0,17.0,17.0,2.0,17.0,0.0,0.0,0.0,118.8,0,0,2016,16
Trent Murphy,8682,ED,1,WAS,51,33,18,0,43.2,47.3,28.6,53.2,60.0,4.0,0.0,0.0,4.0,0.0,0.0,1.0,0.0,0.0,0.0,0.0,0.0,0.0,,0.0,,0.0,0.0,0.0,0.0,0,0,2016,16
Timmy Jernigan,8683,DI,1,BLT,33,24,9,0,53.3,60.4,,50.7,,0.0,0.0,0.0,0.0,0.0,0.0,0.0,0.0,0.0,0.0,0.0,0.0,0.0,,0.0,,0.0,0.0,0.0,0.0,0,0,2016,16
Kony Ealy,8695,ED,1,CAR,29,17,11,1,82.3,51.8,71.4,90.1,60.2,2.0,1.0,0.0,1.0,0.0,1.0,0.0,0.0,2.0,1.0,0.0,0.0,0.0,,0.0,,0.0,0.0,0.0,0.0,0,0,2016,16
Christian Kirksey,8706,LB,1,CLV,68,8,19,41,83.1,90.5,82.1,60.3,69.0,1.0,0.0,0.0,1.0,0.0,7.0,1.0,0.0,4.0,0.0,2.0,2.0,16.0,8.0,6.0,20.0,0.0,0.0,0.0,100.0,0,0,2016,16
Preston Brown,8708,LB,1,BUF,69,3,39,27,42.4,48.8,60.1,54.0,47.6,1.0,0.0,1.0,0.0,0.0,8.0,5.0,2.0,5.0,0.0,1.0,1.0,7.0,7.0,3.0,7.0,0.0,0.0,0.0,95.8,0,0,2016,16
Jay Bromley,8709,DI,1,NYG,16,11,5,0,53.3,59.1,,52.2,,0.0,0.0,0.0,0.0,0.0,0.0,0.0,0.0,0.0,0.0,0.0,0.0,0.0,,0.0,,0.0,0.0,0.0,0.0,0,0,2016,16
Terrence Brooks,8714,S,1,PHI,3,0,0,3,85.7,,90.7,,80.5,0.0,0.0,0.0,0.0,0.0,0.0,0.0,0.0,0.0,0.0,2.0,0.0,0.0,,0.0,,0.0,1.0,0.0,0.0,0,0,2016,16
Kareem Martin,8719,DI,1,ARZ,2,2,0,0,57.1,,84.9,57.0,,0.0,0.0,0.0,0.0,0.0,0.0,0.0,0.0,0.0,0.0,0.0,0.0,0.0,,0.0,,0.0,0.0,0.0,0.0,0,0,2016,16
Will Clarke,8723,ED,1,CIN,17,13,4,0,71.0,72.3,72.8,59.2,,2.0,1.0,0.0,1.0,0.0,2.0,0.0,0.0,3.0,0.0,0.0,0.0,0.0,,0.0,,0.0,0.0,0.0,0.0,0,0,2016,16
Jaylen Watkins,8736,S,1,PHI,37,0,12,25,45.5,70.3,62.1,,42.6,0.0,0.0,0.0,0.0,0.0,2.0,1.0,0.0,0.0,0.0,1.0,0.0,0.0,,0.0,,0.0,0.0,0.0,39.6,0,0,2016,16
Bashaud Breeland,8737,CB,1,WAS,38,0,15,23,71.9,49.7,74.8,,76.5,0.0,0.0,0.0,0.0,0.0,2.0,0.0,0.0,0.0,0.0,3.0,2.0,32.0,16.0,11.0,21.0,0.0,2.0,0.0,62.5,1,0,2016,16
Justin Ellis,8742,DI,1,OAK,20,9,11,0,72.8,74.9,69.2,53.6,,0.0,0.0,0.0,0.0,0.0,3.0,0.0,0.0,2.0,0.0,0.0,0.0,0.0,,0.0,,0.0,0.0,0.0,0.0,0,0,2016,16
Cassius Marsh,8743,ED,1,SEA,18,14,4,0,70.3,64.0,,64.2,,2.0,0.0,0.0,2.0,0.0,0.0,0.0,0.0,0.0,0.0,0.0,0.0,0.0,,0.0,,0.0,0.0,0.0,0.0,0,0,2016,16
Ross Cockrell,8744,CB,1,PIT,76,0,27,49,70.1,72.4,57.4,,67.8,0.0,0.0,0.0,0.0,0.0,7.0,0.0,1.0,2.0,0.0,3.0,2.0,19.0,9.5,2.0,15.0,0.0,0.0,0.0,84.0,0,0,2016,16
DaQuan Jones,8747,DI,1,TEN,41,26,15,0,56.4,63.8,70.1,49.3,,0.0,0.0,0.0,0.0,0.0,3.0,0.0,0.0,2.0,0.0,0.0,0.0,0.0,,0.0,,0.0,0.0,0.0,0.0,0,0,2016,16
Keith McGill,8751,S,1,OAK,1,0,1,0,60.0,60.0,84.0,,,0.0,0.0,0.0,0.0,0.0,0.0,0.0,0.0,0.0,0.0,0.0,0.0,0.0,,0.0,,0.0,0.0,0.0,0.0,0,0,2016,16
Anthony Hitchens,8754,LB,1,DAL,55,2,20,33,72.3,56.3,68.3,56.6,77.6,0.0,0.0,0.0,0.0,0.0,7.0,2.0,1.0,3.0,0.0,6.0,5.0,41.0,8.2,15.0,13.0,0.0,0.0,0.0,95.1,0,0,2016,16
Carl Bradford,8756,LB,1,SF,1,0,0,1,62.8,,74.4,,60.0,0.0,0.0,0.0,0.0,0.0,0.0,0.0,0.0,0.0,0.0,0.0,0.0,0.0,,0.0,,0.0,0.0,0.0,0.0,0,0,2016,16
De'Anthony Thomas,8759,WR,1,KC,1,0,1,0,60.0,60.0,74.8,,,0.0,0.0,0.0,0.0,0.0,0.0,0.0,0.0,0.0,0.0,0.0,0.0,0.0,,0.0,,0.0,0.0,0.0,0.0,0,0,2016,16
Tre Boston,8763,S,1,CAR,58,0,20,38,57.6,45.6,56.8,,63.1,0.0,0.0,0.0,0.0,0.0,5.0,0.0,1.0,1.0,0.0,3.0,1.0,16.0,16.0,-1.0,16.0,0.0,0.0,1.0,52.1,0,0,2016,16
Nevin Lawson,8768,CB,1,DET,56,0,27,29,37.2,62.0,35.4,,31.1,0.0,0.0,0.0,0.0,0.0,2.0,1.0,2.0,0.0,0.0,2.0,2.0,37.0,18.5,4.0,19.0,1.0,0.0,0.0,158.3,1,0,2016,16
Brent Urban,8769,DI,1,BLT,5,1,4,0,69.9,66.7,68.1,59.2,,0.0,0.0,0.0,0.0,0.0,1.0,0.0,0.0,0.0,0.0,0.0,0.0,0.0,,0.0,,0.0,0.0,0.0,0.0,0,0,2016,16
Ryan Grant,8777,WR,1,WAS,1,0,1,0,60.0,60.0,,,,0.0,0.0,0.0,0.0,0.0,0.0,0.0,0.0,0.0,0.0,0.0,0.0,0.0,,0.0,,0.0,0.0,0.0,0.0,0,0,2016,16
Telvin Smith Sr.,8779,LB,1,JAX,71,6,20,45,61.5,71.0,47.8,84.7,46.8,3.0,0.0,0.0,3.0,0.0,7.0,1.0,2.0,3.0,0.0,6.0,4.0,46.0,11.5,29.0,18.0,0.0,0.0,0.0,89.6,0,0,2016,16
Ricardo Allen,8782,S,1,ATL,69,0,20,49,62.2,69.8,81.0,,58.4,0.0,0.0,0.0,0.0,0.0,3.0,0.0,0.0,0.0,0.0,3.0,0.0,0.0,,0.0,,0.0,0.0,0.0,39.6,0,0,2016,16
Aaron Lynch,8785,ED,1,SF,27,16,9,2,58.4,53.1,71.6,60.3,62.5,1.0,0.0,1.0,0.0,0.0,1.0,0.0,0.0,1.0,0.0,0.0,0.0,0.0,,0.0,,0.0,0.0,0.0,0.0,0,0,2016,16
Avery Williamson,8786,LB,1,TEN,55,6,23,26,64.6,45.7,79.9,51.5,80.9,0.0,0.0,0.0,0.0,0.0,3.0,3.0,0.0,1.0,0.0,1.0,0.0,0.0,,0.0,,0.0,0.0,1.0,39.6,0,0,2016,16
Chris Smith,8794,ED,1,JAX,1,1,0,0,59.2,,,58.8,,0.0,0.0,0.0,0.0,0.0,0.0,0.0,0.0,0.0,0.0,0.0,0.0,0.0,,0.0,,0.0,0.0,0.0,0.0,0,0,2016,16
Ed Reynolds Jr.,8797,S,1,CLV,68,4,19,45,60.3,79.6,59.0,77.7,50.2,2.0,0.0,2.0,0.0,0.0,6.0,1.0,1.0,4.0,0.0,3.0,3.0,24.0,8.0,23.0,16.0,1.0,0.0,0.0,139.6,0,0,2016,16
Ryan Carrethers,8800,DI,1,SD,10,5,5,0,80.3,72.7,69.3,66.5,,1.0,0.0,0.0,1.0,0.0,2.0,1.0,0.0,2.0,0.0,0.0,0.0,0.0,,0.0,,0.0,0.0,0.0,0.0,0,0,2016,16
Keith Reaser,8805,CB,1,SF,30,1,9,20,72.6,61.2,54.2,58.3,74.1,1.0,0.0,0.0,1.0,0.0,2.0,0.0,1.0,0.0,1.0,3.0,2.0,30.0,15.0,9.0,15.0,0.0,0.0,0.0,99.3,0,0,2016,16
Devon Kennard,8809,LB,1,NYG,34,6,15,13,68.3,68.7,75.4,52.7,66.6,0.0,0.0,0.0,0.0,0.0,4.0,1.0,0.0,1.0,0.0,1.0,1.0,5.0,5.0,1.0,5.0,0.0,0.0,0.0,87.5,0,0,2016,16
Kenneth Acker,8815,CB,1,KC,4,0,1,3,64.9,60.0,71.6,,63.8,0.0,0.0,0.0,0.0,0.0,1.0,0.0,0.0,1.0,0.0,1.0,1.0,5.0,5.0,0.0,5.0,0.0,0.0,0.0,87.5,0,0,2016,16
E.J. Gaines,8823,CB,1,LA,75,1,27,47,69.2,73.4,80.9,58.5,67.2,0.0,0.0,0.0,0.0,0.0,7.0,0.0,0.0,3.0,1.0,6.0,6.0,47.0,7.8,8.0,17.0,1.0,0.0,0.0,138.9,0,0,2016,16
Dan McCullers,8849,DI,1,PIT,10,3,7,0,37.7,43.3,23.7,56.8,,0.0,0.0,0.0,0.0,0.0,1.0,0.0,2.0,1.0,0.0,0.0,0.0,0.0,,0.0,,0.0,0.0,0.0,0.0,0,0,2016,16
Andre Hal,8850,S,1,HST,49,0,15,34,54.7,51.6,43.8,,57.9,0.0,0.0,0.0,0.0,0.0,5.0,1.0,2.0,0.0,0.0,3.0,3.0,17.0,5.7,3.0,8.0,0.0,0.0,0.0,90.3,0,0,2016,16
T.J. Carrie,8853,CB,1,OAK,36,2,8,26,41.6,71.9,65.8,56.9,35.9,0.0,0.0,0.0,0.0,0.0,5.0,0.0,0.0,1.0,0.0,5.0,3.0,86.0,28.7,35.0,39.0,0.0,0.0,0.0,104.2,0,0,2016,16
Shamar Stephen,8854,DI,1,MIN,39,27,12,0,50.5,55.5,,50.6,,0.0,0.0,0.0,0.0,0.0,0.0,0.0,0.0,0.0,0.0,0.0,0.0,0.0,,0.0,,0.0,0.0,0.0,0.0,0,0,2016,16
Beau Allen,8858,DI,1,PHI,29,23,6,0,91.1,68.0,70.0,87.3,61.5,5.0,0.0,2.0,3.0,0.0,3.0,0.0,0.0,3.0,0.0,0.0,0.0,0.0,,0.0,,0.0,0.0,0.0,0.0,0,0,2016,16
Terrence Fede,8868,ED,1,MIA,33,12,21,0,57.9,53.1,24.8,64.3,,2.0,0.0,0.0,2.0,0.0,0.0,0.0,1.0,0.0,0.0,0.0,0.0,0.0,,0.0,,0.0,0.0,0.0,0.0,0,0,2016,16
Corey Nelson,8876,LB,1,DEN,75,3,36,36,57.3,56.5,60.2,70.9,56.3,1.0,0.0,1.0,0.0,0.0,7.0,2.0,1.0,3.0,0.0,5.0,3.0,22.0,7.3,7.0,11.0,0.0,0.0,0.0,70.4,0,0,2016,16
Terrance Mitchell,8888,CB,1,KC,52,0,10,42,52.4,68.4,79.9,,49.5,0.0,0.0,0.0,0.0,0.0,5.0,1.0,0.0,0.0,0.0,10.0,4.0,49.0,12.3,12.0,26.0,0.0,0.0,2.0,55.8,2,0,2016,16
Max Bullough,8919,LB,1,HST,11,1,3,7,69.4,63.9,,59.6,65.3,0.0,0.0,0.0,0.0,0.0,0.0,0.0,0.0,0.0,0.0,1.0,0.0,0.0,,0.0,,0.0,0.0,0.0,39.6,0,0,2016,16
Brock Coyle,8929,LB,1,SEA,1,0,1,0,60.0,60.0,,,,0.0,0.0,0.0,0.0,0.0,0.0,0.0,0.0,0.0,0.0,0.0,0.0,0.0,,0.0,,0.0,0.0,0.0,0.0,0,0,2016,16
Kerry Wynn,8938,ED,1,NYG,5,3,2,0,35.5,54.8,74.4,55.5,,0.0,0.0,0.0,0.0,0.0,0.0,0.0,0.0,0.0,0.0,0.0,0.0,0.0,,0.0,,0.0,0.0,0.0,0.0,0,0,2016,16
Jamie Meder,8940,DI,1,CLV,43,27,16,0,81.8,68.2,67.4,72.1,60.0,3.0,0.0,1.0,2.0,0.0,1.0,0.0,0.0,0.0,0.0,0.0,0.0,0.0,,0.0,,0.0,0.0,0.0,0.0,0,0,2016,16
Ethan Westbrooks,8976,ED,1,LA,23,15,8,0,75.3,63.6,71.7,72.1,60.0,3.0,0.0,0.0,3.0,0.0,0.0,2.0,0.0,0.0,0.0,0.0,0.0,0.0,,0.0,,0.0,0.0,0.0,0.0,0,0,2016,16
Denico Autry,8982,DI,1,OAK,39,25,14,0,57.9,56.8,,58.9,,1.0,0.0,0.0,1.0,0.0,0.0,0.0,0.0,0.0,0.0,0.0,0.0,0.0,,0.0,,0.0,0.0,0.0,0.0,0,0,2016,16
Robert Nelson,8989,CB,1,HST,3,0,2,1,61.2,60.0,76.7,,60.0,0.0,0.0,0.0,0.0,0.0,0.0,0.0,0.0,0.0,0.0,0.0,0.0,0.0,,0.0,,0.0,0.0,0.0,0.0,0,0,2016,16
Shaquil Barrett,9000,ED,1,DEN,25,7,9,9,82.2,65.7,78.0,56.3,86.8,0.0,0.0,0.0,0.0,0.0,2.0,1.0,0.0,2.0,1.0,3.0,2.0,3.0,1.5,12.0,3.0,0.0,0.0,0.0,70.1,0,0,2016,16
Josh Mauro,9003,ED,1,ARZ,39,22,17,0,46.2,39.7,27.9,59.8,60.0,1.0,0.0,1.0,0.0,0.0,2.0,1.0,1.0,2.0,0.0,0.0,0.0,0.0,,0.0,,0.0,0.0,0.0,0.0,0,0,2016,16
Todd Davis,9007,LB,1,DEN,59,2,31,26,70.3,69.2,81.4,58.8,65.7,0.0,0.0,0.0,0.0,0.0,9.0,1.0,0.0,4.0,1.0,6.0,5.0,94.0,18.8,85.0,80.0,1.0,0.0,0.0,158.3,1,0,2016,16
Kasim Edebali,9011,ED,1,NO,25,23,2,0,65.4,65.7,34.2,60.1,,3.0,0.0,0.0,3.0,0.0,1.0,0.0,1.0,1.0,0.0,0.0,0.0,0.0,,0.0,,0.0,0.0,0.0,0.0,0,0,2016,16
Robert Thomas,9022,DI,1,NYG,3,2,1,0,69.9,60.0,,58.1,,0.0,0.0,0.0,0.0,0.0,0.0,0.0,0.0,0.0,0.0,0.0,0.0,0.0,,0.0,,0.0,0.0,0.0,0.0,0,0,2016,16
Malcolm Butler,9040,CB,1,NE,49,1,24,24,90.9,71.1,,56.2,92.6,0.0,0.0,0.0,0.0,0.0,0.0,0.0,0.0,0.0,0.0,1.0,0.0,0.0,,0.0,,0.0,2.0,0.0,0.0,1,0,2016,16
Kerry Hyder,9045,ED,1,DET,28,14,13,1,63.2,65.7,72.9,57.8,59.5,1.0,0.0,0.0,1.0,0.0,1.0,2.0,0.0,1.0,0.0,0.0,0.0,0.0,,0.0,,0.0,0.0,0.0,0.0,0,0,2016,16
Deji Olatoye,9061,CB,1,ATL,13,0,2,11,80.2,61.3,26.8,,79.2,0.0,0.0,0.0,0.0,0.0,1.0,0.0,1.0,1.0,0.0,2.0,0.0,0.0,,0.0,,0.0,0.0,1.0,39.6,0,0,2016,16
Anthony Johnson,9109,DI,1,NYJ,5,3,2,0,57.7,60.5,,55.6,,1.0,0.0,0.0,1.0,0.0,0.0,0.0,0.0,0.0,0.0,0.0,0.0,0.0,,0.0,,0.0,0.0,0.0,0.0,0,0,2016,16
DeAndre Coleman,9157,DI,1,BUF,2,0,2,0,61.9,60.0,,,,0.0,0.0,0.0,0.0,0.0,0.0,0.0,0.0,0.0,0.0,0.0,0.0,0.0,,0.0,,0.0,0.0,0.0,0.0,0,0,2016,16
Adrian Phillips,9177,S,1,SD,25,3,3,19,58.4,60.0,43.7,54.4,59.7,0.0,0.0,0.0,0.0,0.0,2.0,0.0,1.0,0.0,0.0,0.0,0.0,0.0,,0.0,,0.0,0.0,0.0,0.0,0,0,2016,16
Zach Kerr,9195,DI,1,IND,26,17,9,0,57.6,58.2,67.4,57.4,,0.0,0.0,0.0,0.0,0.0,1.0,0.0,0.0,1.0,0.0,0.0,0.0,0.0,,0.0,,0.0,0.0,0.0,0.0,0,0,2016,16
Dashaun Phillips,9198,CB,1,WAS,7,0,2,5,52.5,60.0,50.5,,52.0,0.0,0.0,0.0,0.0,0.0,1.0,1.0,0.0,0.0,0.0,2.0,2.0,19.0,9.5,13.0,14.0,0.0,0.0,0.0,106.3,0,0,2016,16
Marcus Roberson,9241,CB,1,BUF,1,0,0,1,60.6,,,,60.0,0.0,0.0,0.0,0.0,0.0,0.0,0.0,0.0,0.0,0.0,0.0,0.0,0.0,,0.0,,0.0,0.0,0.0,0.0,0,0,2016,16
C.J. Goodwin,9243,CB,1,ATL,3,0,2,1,61.5,60.0,,,60.0,0.0,0.0,0.0,0.0,0.0,0.0,0.0,0.0,0.0,0.0,0.0,0.0,0.0,,0.0,,0.0,0.0,0.0,0.0,0,0,2016,16
Daniel Sorensen,9253,S,1,KC,45,3,10,32,81.9,36.2,63.8,54.4,91.0,0.0,0.0,0.0,0.0,0.0,4.0,1.0,1.0,3.0,1.0,7.0,5.0,33.0,6.6,33.0,16.0,0.0,0.0,0.0,81.3,0,0,2016,16
Joe Thomas,9272,LB,1,GB,66,5,16,45,68.8,72.1,64.8,63.8,62.6,1.0,0.0,0.0,1.0,0.0,9.0,1.0,0.0,6.0,0.0,9.0,8.0,62.0,7.8,41.0,21.0,0.0,0.0,0.0,95.4,0,0,2016,16
Zachary Orr,9326,LB,1,BLT,52,3,17,32,62.6,41.9,38.5,55.7,75.8,0.0,0.0,0.0,0.0,0.0,8.0,0.0,2.0,4.0,0.0,5.0,4.0,27.0,6.8,13.0,9.0,1.0,1.0,1.0,89.2,0,0,2016,16
Dante Fowler Jr.,9436,ED,1,JAX,38,30,8,0,65.6,57.9,71.7,65.2,,6.0,1.0,2.0,3.0,0.0,1.0,0.0,0.0,1.0,0.0,0.0,0.0,0.0,,0.0,,0.0,0.0,0.0,0.0,0,0,2016,16
Leonard Williams,9439,DI,1,NYJ,67,29,38,0,74.8,77.2,73.4,57.9,,1.0,0.0,0.0,1.0,0.0,4.0,3.0,0.0,4.0,0.0,0.0,0.0,0.0,,0.0,,0.0,0.0,0.0,0.0,0,0,2016,16
Vic Beasley Jr.,9441,ED,1,ATL,45,34,10,1,57.1,48.5,69.6,55.5,67.1,4.0,0.0,0.0,4.0,0.0,1.0,0.0,0.0,1.0,0.0,0.0,0.0,0.0,,0.0,,0.0,0.0,0.0,0.0,0,0,2016,16
Trae Waynes,9444,CB,1,MIN,27,0,5,22,44.3,61.2,78.0,,42.2,0.0,0.0,0.0,0.0,0.0,4.0,0.0,0.0,0.0,0.0,4.0,4.0,90.0,22.5,24.0,32.0,1.0,0.0,0.0,158.3,0,0,2016,16
Danny Shelton,9445,DI,1,CLV,40,23,17,0,67.7,71.8,28.2,54.9,,0.0,0.0,0.0,0.0,0.0,0.0,1.0,1.0,0.0,0.0,0.0,0.0,0.0,,0.0,,0.0,0.0,0.0,0.0,0,0,2016,16
Marcus Peters,9451,CB,1,KC,60,0,14,46,77.8,62.4,72.5,,78.3,0.0,0.0,0.0,0.0,0.0,1.0,0.0,0.0,1.0,0.0,4.0,1.0,6.0,6.0,1.0,6.0,0.0,0.0,1.0,39.6,0,0,2016,16
Bud Dupree,9455,ED,1,PIT,76,26,27,23,65.8,47.4,52.3,52.2,87.0,1.0,1.0,0.0,0.0,0.0,2.0,1.0,1.0,2.0,0.0,6.0,4.0,19.0,4.8,10.0,9.0,0.0,0.0,1.0,70.8,0,0,2016,16
Shane Ray,9456,ED,1,DEN,43,20,23,0,49.0,48.2,28.2,55.5,60.0,1.0,0.0,1.0,0.0,0.0,4.0,0.0,2.0,2.0,0.0,0.0,0.0,0.0,,0.0,,0.0,0.0,0.0,0.0,0,0,2016,16
Shaq Thompson,9458,LB,1,CAR,62,5,23,34,85.4,68.6,83.1,80.5,81.0,1.0,0.0,0.0,1.0,1.0,10.0,0.0,2.0,8.0,0.0,7.0,7.0,43.0,6.1,28.0,12.0,0.0,0.0,0.0,92.3,0,0,2016,16
Byron Jones,9460,S,1,DAL,71,10,20,41,67.9,79.4,64.7,60.6,62.5,0.0,0.0,0.0,0.0,0.0,3.0,1.0,1.0,1.0,0.0,4.0,2.0,12.0,6.0,12.0,6.0,0.0,0.0,0.0,56.3,0,0,2016,16
Damarious Randall,9463,CB,1,GB,62,0,18,44,72.7,67.9,53.2,,71.9,0.0,0.0,0.0,0.0,0.0,3.0,0.0,1.0,0.0,0.0,11.0,6.0,56.0,9.3,17.0,16.0,1.0,0.0,2.0,99.1,0,0,2016,16
Malcom Brown,9465,DI,1,NE,16,6,10,0,64.9,67.2,67.3,53.8,,1.0,0.0,0.0,1.0,0.0,1.0,0.0,0.0,1.0,0.0,0.0,0.0,0.0,,0.0,,0.0,0.0,0.0,0.0,0,0,2016,16
Landon Collins,9466,S,1,NYG,56,1,27,28,83.8,80.8,82.0,58.7,73.4,0.0,0.0,0.0,0.0,0.0,9.0,1.0,0.0,6.0,0.0,1.0,1.0,14.0,14.0,1.0,14.0,0.0,0.0,0.0,118.8,0,0,2016,16
Mario Edwards Jr.,9468,DI,1,OAK,19,12,7,0,55.8,47.5,69.8,51.6,70.3,0.0,0.0,0.0,0.0,0.0,0.0,2.0,0.0,0.0,0.0,0.0,0.0,0.0,,0.0,,0.0,0.0,0.0,0.0,0,0,2016,16
Preston Smith,9471,ED,1,WAS,46,24,20,2,75.2,53.7,71.2,74.6,71.6,4.0,1.0,1.0,2.0,0.0,0.0,0.0,0.0,1.0,0.0,0.0,0.0,0.0,,0.0,,0.0,0.0,0.0,0.0,0,0,2016,16
Jalen Collins,9475,CB,1,ATL,69,0,20,49,71.0,51.6,44.0,,73.7,0.0,0.0,0.0,0.0,0.0,7.0,1.0,2.0,1.0,0.0,14.0,6.0,80.0,13.3,21.0,26.0,1.0,1.0,1.0,55.7,0,0,2016,16
Benardrick McKinney,9476,LB,1,HST,63,21,19,23,67.6,68.1,80.4,51.8,69.5,1.0,0.0,0.0,1.0,0.0,5.0,1.0,0.0,4.0,0.0,0.0,0.0,0.0,,0.0,,0.0,0.0,0.0,0.0,0,0,2016,16
Eric Kendricks,9478,LB,1,MIN,59,8,14,37,80.7,75.3,81.9,90.6,59.2,4.0,3.0,0.0,1.0,0.0,6.0,2.0,0.0,5.0,0.0,8.0,4.0,27.0,6.8,15.0,12.0,0.0,0.0,0.0,57.8,0,0,2016,16
Jaquiski Tartt,9479,S,1,SF,59,0,28,31,60.8,56.4,79.2,,62.1,0.0,0.0,0.0,0.0,0.0,3.0,1.0,0.0,1.0,0.0,2.0,2.0,30.0,15.0,25.0,24.0,0.0,0.0,0.0,118.8,0,0,2016,16
Eric Rowe,9480,CB,1,NE,49,0,24,25,72.0,46.4,29.6,,79.1,0.0,0.0,0.0,0.0,0.0,2.0,0.0,1.0,1.0,0.0,5.0,1.0,17.0,17.0,3.0,17.0,0.0,1.0,1.0,1.7,0,0,2016,16
Denzel Perryman,9481,LB,1,SD,47,1,20,26,39.4,31.7,32.1,90.0,57.1,1.0,1.0,0.0,0.0,0.0,5.0,1.0,2.0,5.0,0.0,3.0,3.0,17.0,5.7,19.0,15.0,0.0,0.0,0.0,90.3,1,0,2016,16
Ronald Darby,9483,CB,1,BUF,68,0,38,30,74.1,77.9,80.2,,70.1,0.0,0.0,0.0,0.0,0.0,5.0,2.0,0.0,1.0,0.0,10.0,4.0,44.0,11.0,15.0,17.0,0.0,0.0,2.0,53.8,0,0,2016,16
Jordan Phillips,9485,DI,1,MIA,28,11,16,1,51.2,44.9,68.4,60.7,61.9,3.0,0.0,1.0,2.0,0.0,2.0,0.0,0.0,2.0,0.0,0.0,0.0,0.0,,0.0,,0.0,0.0,0.0,0.0,0,0,2016,16
Markus Golden,9491,ED,1,ARZ,51,37,12,2,41.9,36.6,28.8,58.4,62.4,4.0,2.0,1.0,1.0,0.0,1.0,0.0,1.0,3.0,0.0,0.0,0.0,0.0,,0.0,,0.0,0.0,0.0,0.0,1,1,2016,16
Randy Gregory,9493,ED,1,DAL,23,15,8,0,31.2,44.5,71.2,50.1,60.0,1.0,0.0,1.0,0.0,0.0,2.0,0.0,0.0,1.0,0.0,1.0,1.0,14.0,14.0,8.0,14.0,0.0,0.0,0.0,118.8,0,0,2016,16
Quinten Rollins,9495,CB,1,GB,78,2,21,55,48.5,63.8,52.6,54.5,46.9,0.0,0.0,0.0,0.0,0.0,2.0,0.0,1.0,1.0,0.0,9.0,6.0,135.0,22.5,51.0,71.0,1.0,0.0,0.0,146.8,0,0,2016,16
Frank Clark,9496,ED,1,SEA,33,20,13,0,61.6,59.9,41.6,60.5,,2.0,0.0,0.0,2.0,0.0,2.0,2.0,1.0,1.0,0.0,0.0,0.0,0.0,,0.0,,0.0,0.0,0.0,0.0,0,0,2016,16
Jordan Richards,9497,S,1,NE,7,0,4,3,75.1,60.1,,,75.7,0.0,0.0,0.0,0.0,0.0,0.0,0.0,0.0,0.0,0.0,1.0,0.0,0.0,,0.0,,0.0,0.0,1.0,39.6,0,0,2016,16
Owa Odighizuwa,9507,ED,1,NYG,2,1,1,0,58.7,60.0,,59.1,,0.0,0.0,0.0,0.0,0.0,0.0,0.0,0.0,0.0,0.0,0.0,0.0,0.0,,0.0,,0.0,0.0,0.0,0.0,0,0,2016,16
Eli Harold,9512,ED,1,SF,32,10,20,2,75.2,70.4,75.2,67.5,61.2,2.0,1.0,1.0,0.0,0.0,3.0,0.0,0.0,4.0,0.0,0.0,0.0,0.0,,0.0,,0.0,0.0,0.0,0.0,0,0,2016,16
Jordan Hicks,9517,LB,1,PHI,83,0,24,59,62.3,70.3,27.9,,56.6,0.0,0.0,0.0,0.0,0.0,3.0,1.0,2.0,1.0,0.0,3.0,3.0,24.0,8.0,13.0,13.0,0.0,0.0,0.0,100.0,0,0,2016,16
Danielle Hunter,9521,ED,1,MIN,38,28,8,2,66.1,64.3,75.2,56.1,63.4,3.0,2.0,0.0,1.0,0.0,4.0,0.0,0.0,4.0,0.0,1.0,1.0,2.0,2.0,1.0,2.0,0.0,0.0,0.0,79.2,0,0,2016,16
Henry Anderson,9526,DI,1,IND,49,18,31,0,66.7,67.1,45.8,57.4,,0.0,0.0,0.0,0.0,0.0,3.0,0.0,1.0,3.0,0.0,0.0,0.0,0.0,,0.0,,0.0,0.0,0.0,0.0,0,0,2016,16
Xavier Cooper,9529,DI,1,CLV,45,34,10,1,63.8,73.5,,54.5,60.0,2.0,0.0,1.0,1.0,0.0,0.0,0.0,0.0,0.0,0.0,0.0,0.0,0.0,,0.0,,0.0,0.0,0.0,0.0,0,0,2016,16
Steven Nelson,9531,CB,1,KC,59,4,13,42,65.2,62.5,75.6,51.0,66.6,1.0,0.0,0.0,1.0,0.0,2.0,0.0,0.0,1.0,0.0,5.0,2.0,43.0,21.5,23.0,26.0,0.0,0.0,0.0,71.3,0,0,2016,16
Angelo Blackson,9533,DI,1,TEN,18,11,7,0,58.7,57.1,,61.0,,1.0,0.0,0.0,1.0,0.0,0.0,0.0,0.0,0.0,0.0,0.0,0.0,0.0,,0.0,,0.0,0.0,0.0,0.0,0,0,2016,16
Trey Flowers,9534,ED,1,NE,32,16,15,1,62.4,68.6,71.0,49.8,60.1,0.0,0.0,0.0,0.0,0.0,3.0,1.0,0.0,2.0,0.0,0.0,0.0,0.0,,0.0,,0.0,0.0,0.0,0.0,0,0,2016,16
Jamison Crowder,9538,WR,1,WAS,1,0,1,0,60.0,60.0,,,,0.0,0.0,0.0,0.0,0.0,0.0,0.0,0.0,0.0,0.0,0.0,0.0,0.0,,0.0,,0.0,0.0,0.0,0.0,0,0,2016,16
Rodney Gunter,9549,DI,1,ARZ,13,3,10,0,80.8,72.6,69.9,69.1,,1.0,1.0,0.0,0.0,0.0,1.0,0.0,0.0,2.0,0.0,0.0,0.0,0.0,,0.0,,0.0,0.0,0.0,0.0,0,0,2016,16
Ramik Wilson,9551,LB,1,KC,58,4,15,39,73.4,64.7,80.3,66.0,69.8,0.0,0.0,0.0,0.0,0.0,5.0,1.0,0.0,1.0,0.0,3.0,1.0,3.0,3.0,9.0,3.0,0.0,0.0,0.0,42.4,0,0,2016,16
Josh Shaw,9553,CB,1,CIN,26,1,9,16,62.0,71.2,90.0,60.0,57.8,0.0,0.0,0.0,0.0,0.0,1.0,0.0,0.0,1.0,0.0,1.0,0.0,0.0,,0.0,,0.0,0.0,0.0,39.6,0,0,2016,16
Za'Darius Smith,9555,ED,1,BLT,12,6,6,0,55.8,59.9,,54.4,,0.0,0.0,0.0,0.0,0.0,0.0,0.0,0.0,0.0,0.0,0.0,0.0,0.0,,0.0,,0.0,0.0,0.0,0.0,0,0,2016,16
Kwon Alexander,9557,LB,1,TB,71,3,32,36,77.6,55.1,63.3,68.2,83.8,1.0,0.0,0.0,1.0,0.0,7.0,2.0,1.0,1.0,0.0,4.0,2.0,25.0,12.5,8.0,20.0,0.0,0.0,2.0,69.8,0,0,2016,16
Damien Wilson,9560,LB,1,DAL,30,2,8,20,79.8,68.3,73.2,54.9,76.9,1.0,0.0,0.0,1.0,0.0,1.0,0.0,0.0,0.0,0.0,1.0,0.0,0.0,,0.0,,0.0,0.0,1.0,39.6,0,0,2016,16
Jake Ryan,9562,LB,1,GB,36,3,14,19,74.2,72.1,78.4,56.6,68.7,0.0,0.0,0.0,0.0,0.0,4.0,1.0,0.0,2.0,0.0,1.0,1.0,9.0,9.0,11.0,9.0,0.0,0.0,0.0,104.2,0,0,2016,16
Grady Jarrett,9570,DI,1,ATL,54,37,17,0,30.0,26.9,24.9,58.6,,3.0,0.0,1.0,2.0,0.0,1.0,1.0,1.0,0.0,0.0,0.0,0.0,0.0,,0.0,,0.0,0.0,0.0,0.0,0,0,2016,16
Martrell Spaight,9574,LB,1,WAS,30,1,8,21,55.5,53.6,55.4,59.0,59.5,0.0,0.0,0.0,0.0,0.0,3.0,0.0,1.0,0.0,0.0,1.0,1.0,3.0,3.0,0.0,3.0,1.0,0.0,0.0,118.8,0,0,2016,16
Adrian Amos,9575,S,1,CHI,67,0,35,32,60.4,66.7,77.2,,56.7,0.0,0.0,0.0,0.0,0.0,1.0,0.0,0.0,1.0,0.0,0.0,0.0,0.0,,0.0,,0.0,0.0,0.0,0.0,0,0,2016,16
Bobby McCain,9578,CB,1,MIA,33,2,6,25,68.4,60.0,71.6,57.5,69.3,0.0,0.0,0.0,0.0,0.0,1.0,0.0,0.0,0.0,0.0,3.0,1.0,9.0,9.0,2.0,9.0,0.0,0.0,0.0,42.4,0,0,2016,16
David Parry,9584,DI,1,IND,54,19,35,0,69.8,71.8,69.4,52.5,60.0,0.0,0.0,0.0,0.0,0.0,4.0,0.0,0.0,0.0,0.0,0.0,0.0,0.0,,0.0,,0.0,0.0,0.0,0.0,0,0,2016,16
Kyle Emanuel,9586,ED,1,SD,29,15,9,5,64.7,70.2,77.0,54.9,60.8,1.0,0.0,0.0,1.0,0.0,2.0,0.0,0.0,1.0,0.0,2.0,2.0,21.0,10.5,22.0,12.0,0.0,0.0,0.0,110.4,0,0,2016,16
Tyeler Davison,9587,DI,1,NO,18,7,11,0,43.6,59.3,,55.0,,0.0,0.0,0.0,0.0,0.0,0.0,0.0,0.0,0.0,0.0,0.0,0.0,0.0,,0.0,,0.0,0.0,0.0,0.0,1,0,2016,16
Tony Lippett,9589,CB,1,MIA,92,1,46,45,69.5,53.9,77.7,60.0,73.3,0.0,0.0,0.0,0.0,0.0,4.0,0.0,0.0,1.0,0.0,4.0,2.0,29.0,14.5,2.0,16.0,0.0,0.0,2.0,74.0,0,0,2016,16
Ryan Russell,9596,ED,1,TB,13,10,3,0,44.1,54.9,69.2,50.0,60.0,0.0,0.0,0.0,0.0,0.0,1.0,0.0,0.0,1.0,0.0,0.0,0.0,0.0,,0.0,,0.0,0.0,0.0,0.0,0,0,2016,16
David Mayo,9602,LB,1,CAR,1,1,0,0,59.7,,87.3,59.4,,0.0,0.0,0.0,0.0,0.0,0.0,0.0,0.0,0.0,0.0,0.0,0.0,0.0,,0.0,,0.0,0.0,0.0,0.0,0,0,2016,16
D.J. Alexander,9605,LB,1,KC,1,0,1,0,60.0,60.0,84.9,,,0.0,0.0,0.0,0.0,0.0,0.0,0.0,0.0,0.0,0.0,0.0,0.0,0.0,,0.0,,0.0,0.0,0.0,0.0,0,0,2016,16
Darius Philon,9625,DI,1,SD,10,7,3,0,55.0,52.4,67.3,65.7,,1.0,1.0,0.0,0.0,0.0,0.0,0.0,0.0,1.0,0.0,0.0,0.0,0.0,,0.0,,0.0,0.0,0.0,0.0,0,0,2016,16
L.T. Walton,9632,DI,1,PIT,67,45,22,0,55.7,60.4,70.5,47.2,60.3,0.0,0.0,0.0,0.0,0.0,2.0,1.0,0.0,2.0,0.0,0.0,0.0,0.0,,0.0,,0.0,0.0,0.0,0.0,0,0,2016,16
Christian Ringo,9643,DI,1,GB,6,6,0,0,65.6,,,64.2,,1.0,0.0,0.0,1.0,0.0,0.0,0.0,0.0,0.0,0.0,0.0,0.0,0.0,,0.0,,0.0,0.0,0.0,0.0,0,0,2016,16
Christian Covington,9649,DI,1,HST,14,8,6,0,76.9,79.0,66.8,54.2,,0.0,0.0,0.0,0.0,0.0,0.0,1.0,0.0,0.0,0.0,0.0,0.0,0.0,,0.0,,0.0,0.0,0.0,0.0,0,0,2016,16
Rakeem Nunez-Roches,9650,DI,1,KC,19,12,7,0,79.6,72.9,68.7,59.7,62.2,1.0,0.0,1.0,0.0,0.0,2.0,0.0,0.0,2.0,0.0,0.0,0.0,0.0,,0.0,,0.0,0.0,0.0,0.0,0,0,2016,16
Deon Simon,9656,DI,1,NYJ,31,9,22,0,43.7,42.0,68.3,62.3,,1.0,0.0,0.0,1.0,0.0,1.0,1.0,0.0,1.0,0.0,0.0,0.0,0.0,,0.0,,0.0,0.0,0.0,0.0,0,0,2016,16
Dexter McDonald,9675,CB,1,OAK,3,0,1,2,64.5,60.0,,,61.8,0.0,0.0,0.0,0.0,0.0,0.0,0.0,0.0,0.0,0.0,0.0,0.0,0.0,,0.0,,0.0,0.0,0.0,0.0,0,0,2016,16
Zaire Anderson,9792,LB,1,DEN,6,1,5,0,68.9,65.8,71.4,60.0,,0.0,0.0,0.0,0.0,0.0,0.0,0.0,0.0,0.0,0.0,0.0,0.0,0.0,,0.0,,0.0,0.0,0.0,0.0,0,0,2016,16
Edwin Jackson,9800,LB,1,IND,75,4,38,33,71.0,64.7,81.4,58.2,70.5,0.0,0.0,0.0,0.0,0.0,5.0,2.0,0.0,3.0,0.0,4.0,3.0,20.0,6.7,16.0,10.0,0.0,0.0,0.0,85.4,0,0,2016,16
Zach Vigil,9824,LB,1,WAS,2,0,2,0,60.5,60.0,,,,0.0,0.0,0.0,0.0,0.0,0.0,0.0,0.0,0.0,0.0,0.0,0.0,0.0,,0.0,,0.0,0.0,0.0,0.0,0,0,2016,16
Neville Hewitt,9836,LB,1,MIA,56,3,38,15,45.0,55.1,58.3,56.6,39.6,0.0,0.0,0.0,0.0,0.0,7.0,2.0,1.0,3.0,0.0,2.0,1.0,2.0,2.0,7.0,2.0,0.0,0.0,0.0,56.3,0,0,2016,16
DeShawn Williams,9891,DI,1,CIN,8,6,2,0,88.8,60.2,,87.8,,2.0,0.0,1.0,1.0,0.0,0.0,0.0,0.0,0.0,0.0,0.0,0.0,0.0,,0.0,,0.0,0.0,0.0,0.0,0,0,2016,16
LaDarius Gunter,9925,CB,1,GB,19,0,4,15,36.6,50.6,52.8,,43.4,0.0,0.0,0.0,0.0,0.0,3.0,0.0,1.0,1.0,0.0,4.0,4.0,62.0,15.5,19.0,32.0,0.0,0.0,0.0,118.8,0,0,2016,16
Deshazor Everett,9940,S,1,WAS,22,0,6,16,56.2,62.2,80.7,,54.7,0.0,0.0,0.0,0.0,0.0,2.0,0.0,0.0,0.0,0.0,0.0,0.0,0.0,,0.0,,0.0,0.0,0.0,0.0,0,0,2016,16
Ronald Martin,9991,S,1,NYJ,1,0,1,0,60.0,60.0,72.6,,,0.0,0.0,0.0,0.0,0.0,1.0,0.0,0.0,1.0,0.0,0.0,0.0,0.0,,0.0,,0.0,0.0,0.0,0.0,0,0,2016,16
Bryce Callahan,10000,CB,1,CHI,32,0,17,15,38.8,40.6,,,41.8,0.0,0.0,0.0,0.0,0.0,0.0,0.0,0.0,0.0,0.0,2.0,0.0,0.0,,0.0,,0.0,0.0,0.0,39.6,0,0,2016,16
Lynden Trail,10026,ED,1,WAS,7,6,1,0,64.2,60.0,70.9,60.8,,1.0,0.0,0.0,1.0,1.0,1.0,0.0,0.0,0.0,0.0,0.0,0.0,0.0,,0.0,,0.0,0.0,0.0,0.0,0,0,2016,16
Harold Jones-Quartey,10055,S,1,CHI,50,0,26,24,66.9,70.3,75.0,,61.2,0.0,0.0,0.0,0.0,0.0,6.0,2.0,1.0,0.0,0.0,3.0,3.0,27.0,9.0,4.0,21.0,0.0,0.0,0.0,104.2,0,0,2016,16
David Irving,10063,DI,1,DAL,67,50,17,0,82.3,61.4,34.3,81.0,60.0,6.0,2.0,1.0,3.0,1.0,0.0,1.0,1.0,1.0,1.0,0.0,0.0,0.0,,0.0,,0.0,0.0,0.0,0.0,0,0,2016,16
Toby Johnson,10101,DI,1,MIN,10,6,4,0,54.8,52.4,,64.3,,1.0,0.0,0.0,1.0,0.0,0.0,0.0,0.0,0.0,0.0,0.0,0.0,0.0,,0.0,,0.0,0.0,0.0,0.0,0,0,2016,16
Corey Moore,10117,S,1,HST,17,0,5,12,69.2,62.0,83.5,,66.0,0.0,0.0,0.0,0.0,0.0,3.0,0.0,0.0,0.0,0.0,1.0,1.0,11.0,11.0,10.0,11.0,0.0,0.0,0.0,112.5,0,0,2016,16
T.Y. McGill,10156,DI,1,IND,22,19,3,0,46.0,45.2,,57.9,,0.0,0.0,0.0,0.0,0.0,0.0,0.0,0.0,0.0,0.0,0.0,0.0,0.0,,0.0,,0.0,0.0,0.0,0.0,0,0,2016,16
Trovon Reed,10294,CB,1,SD,47,1,15,31,65.9,44.9,47.2,59.3,70.6,0.0,0.0,0.0,0.0,0.0,4.0,0.0,2.0,1.0,0.0,3.0,2.0,15.0,7.5,3.0,9.0,0.0,0.0,0.0,78.5,0,0,2016,16
Freddie Bishop,10338,ED,1,NYJ,47,11,33,3,33.4,45.5,34.3,50.9,31.6,1.0,0.0,0.0,1.0,0.0,1.0,1.0,1.0,0.0,0.0,1.0,1.0,35.0,35.0,11.0,35.0,0.0,0.0,0.0,118.8,0,0,2016,16
Joey Bosa,10637,ED,1,SD,57,38,19,0,70.4,71.3,74.6,68.9,,5.0,2.0,0.0,3.0,0.0,2.0,1.0,0.0,4.0,0.0,0.0,0.0,0.0,,0.0,,0.0,0.0,0.0,0.0,1,0,2016,16
Jalen Ramsey,10639,CB,1,JAX,69,0,18,51,94.6,31.6,33.8,,95.3,0.0,0.0,0.0,0.0,0.0,5.0,1.0,2.0,3.0,0.0,8.0,2.0,16.0,8.0,4.0,8.0,0.0,1.0,2.0,0.0,0,0,2016,16
DeForest Buckner,10641,DI,1,SF,55,28,26,1,70.8,65.2,66.8,67.5,60.0,5.0,1.0,3.0,1.0,1.0,0.0,0.0,0.0,1.0,0.0,0.0,0.0,0.0,,0.0,,0.0,0.0,0.0,0.0,0,0,2016,16
Leonard Floyd,10643,ED,1,CHI,18,7,7,4,42.7,44.3,70.5,48.9,62.8,1.0,0.0,0.0,1.0,0.0,1.0,0.0,0.0,1.0,0.0,0.0,0.0,0.0,,0.0,,0.0,0.0,0.0,0.0,0,0,2016,16
Eli Apple,10644,CB,1,NYG,55,0,27,28,51.0,62.9,25.6,,47.4,0.0,0.0,0.0,0.0,0.0,1.0,0.0,2.0,0.0,0.0,3.0,2.0,47.0,23.5,12.0,40.0,1.0,0.0,0.0,149.3,1,0,2016,16
Vernon Hargreaves III,10645,CB,1,TB,64,0,29,35,58.7,73.4,33.3,,54.3,0.0,0.0,0.0,0.0,0.0,6.0,0.0,2.0,1.0,1.0,10.0,7.0,147.0,21.0,54.0,46.0,0.0,0.0,2.0,112.5,0,0,2016,16
Sheldon Rankins,10646,DI,1,NO,42,31,9,2,60.2,64.8,70.5,57.9,58.7,2.0,1.0,0.0,1.0,0.0,3.0,0.0,0.0,3.0,0.0,0.0,0.0,0.0,,0.0,,0.0,0.0,0.0,0.0,0,0,2016,16
Keanu Neal,10651,S,1,ATL,62,0,17,45,70.8,54.1,57.5,,71.7,0.0,0.0,0.0,0.0,0.0,3.0,0.0,1.0,0.0,0.0,5.0,3.0,30.0,10.0,17.0,17.0,0.0,0.0,1.0,77.1,0,0,2016,16
Shaq Lawson,10653,ED,1,BUF,16,9,7,0,27.9,27.9,,50.9,,1.0,0.0,1.0,0.0,0.0,0.0,0.0,0.0,0.0,0.0,0.0,0.0,0.0,,0.0,,0.0,0.0,0.0,0.0,0,0,2016,16
Darron Lee,10654,LB,1,NYJ,74,4,40,30,60.3,55.2,78.5,51.5,67.2,0.0,0.0,0.0,0.0,0.0,5.0,1.0,0.0,5.0,0.0,3.0,3.0,10.0,3.3,10.0,5.0,0.0,0.0,0.0,80.6,0,0,2016,16
Artie Burns,10659,CB,1,PIT,76,0,27,49,66.6,69.9,37.4,,69.0,0.0,0.0,0.0,0.0,0.0,5.0,1.0,2.0,2.0,0.0,5.0,3.0,20.0,6.7,3.0,14.0,0.0,0.0,0.0,68.8,1,0,2016,16
Kenny Clark,10661,DI,1,GB,20,11,9,0,89.9,80.6,68.3,75.1,,2.0,0.0,2.0,0.0,0.0,2.0,0.0,0.0,2.0,0.0,0.0,0.0,0.0,,0.0,,0.0,0.0,0.0,0.0,0,0,2016,16
Robert Nkemdiche,10663,DI,1,ARZ,12,6,6,0,61.1,63.1,,55.3,,0.0,0.0,0.0,0.0,0.0,0.0,0.0,0.0,0.0,0.0,0.0,0.0,0.0,,0.0,,0.0,0.0,0.0,0.0,0,0,2016,16
Vernon Butler,10664,DI,1,CAR,26,15,11,0,48.2,52.5,69.4,51.4,,0.0,0.0,0.0,0.0,0.0,2.0,0.0,0.0,1.0,0.0,0.0,0.0,0.0,,0.0,,0.0,0.0,0.0,0.0,0,0,2016,16
Emmanuel Ogbah,10666,ED,1,CLV,57,38,13,6,59.4,67.8,73.4,57.0,50.2,6.0,0.0,1.0,5.0,0.0,4.0,0.0,0.0,2.0,0.0,1.0,1.0,11.0,11.0,1.0,11.0,0.0,0.0,0.0,112.5,0,0,2016,16
Myles Jack,10670,LB,1,JAX,24,2,12,10,54.7,48.1,,58.3,64.5,0.0,0.0,0.0,0.0,0.0,0.0,0.0,0.0,0.0,0.0,0.0,0.0,0.0,,0.0,,0.0,0.0,0.0,0.0,0,0,2016,16
Chris Jones,10671,DI,1,KC,39,29,10,0,48.7,47.0,26.3,73.9,,5.0,0.0,2.0,3.0,1.0,1.0,0.0,1.0,1.0,0.0,0.0,0.0,0.0,,0.0,,0.0,0.0,0.0,0.0,2,0,2016,16
Xavien Howard,10672,CB,1,MIA,91,2,46,43,45.9,66.3,77.8,59.5,41.4,1.0,0.0,0.0,1.0,0.0,3.0,0.0,0.0,2.0,0.0,9.0,6.0,152.0,25.3,5.0,53.0,2.0,0.0,1.0,149.3,0,0,2016,16
Noah Spence,10673,ED,1,TB,28,20,8,0,40.0,58.7,69.6,48.3,,0.0,0.0,0.0,0.0,0.0,1.0,0.0,0.0,0.0,0.0,0.0,0.0,0.0,,0.0,,0.0,0.0,0.0,0.0,1,0,2016,16
Austin Johnson,10677,DI,1,TEN,32,20,12,0,43.6,47.1,70.2,51.4,,0.0,0.0,0.0,0.0,0.0,2.0,0.0,0.0,0.0,0.0,0.0,0.0,0.0,,0.0,,0.0,0.0,0.0,0.0,0,0,2016,16
Jihad Ward,10678,DI,1,OAK,17,10,7,0,55.9,60.2,67.4,52.9,,0.0,0.0,0.0,0.0,0.0,1.0,0.0,0.0,1.0,0.0,0.0,0.0,0.0,,0.0,,0.0,0.0,0.0,0.0,0,0,2016,16
A'Shawn Robinson,10680,DI,1,DET,39,16,23,0,81.0,79.2,72.1,61.2,,1.0,0.0,0.0,1.0,0.0,3.0,1.0,0.0,3.0,0.0,0.0,0.0,0.0,,0.0,,0.0,0.0,0.0,0.0,1,0,2016,16
Jarran Reed,10683,DI,1,SEA,35,12,23,0,70.5,63.2,68.9,72.6,,1.0,1.0,0.0,0.0,0.0,1.0,0.0,0.0,1.0,0.0,0.0,0.0,0.0,,0.0,,0.0,0.0,0.0,0.0,0,0,2016,16
Deion Jones,10686,LB,1,ATL,66,2,18,46,55.9,71.4,57.6,57.6,48.3,0.0,0.0,0.0,0.0,0.0,12.0,1.0,2.0,4.0,0.0,8.0,6.0,62.0,10.3,30.0,14.0,0.0,0.0,1.0,96.9,0,0,2016,16
T.J. Green,10691,S,1,IND,57,1,30,26,43.3,58.4,29.6,58.7,41.0,0.0,0.0,0.0,0.0,0.0,4.0,0.0,2.0,1.0,0.0,3.0,3.0,38.0,12.7,22.0,18.0,1.0,0.0,0.0,158.3,0,0,2016,16
Sean Davis,10692,S,1,PIT,76,4,27,45,61.5,54.5,50.2,40.7,66.6,1.0,0.0,0.0,1.0,0.0,4.0,1.0,2.0,1.0,0.0,3.0,1.0,17.0,17.0,6.0,17.0,0.0,0.0,1.0,53.5,0,0,2016,16
Cyrus Jones,10694,CB,1,NE,7,0,4,3,78.2,63.4,72.8,,76.0,0.0,0.0,0.0,0.0,0.0,1.0,0.0,0.0,1.0,0.0,1.0,0.0,0.0,,0.0,,0.0,0.0,1.0,39.6,0,0,2016,16
Vonn Bell,10695,S,1,NO,61,2,18,41,62.2,69.0,81.1,69.1,62.2,0.0,0.0,0.0,0.0,0.0,5.0,0.0,0.0,3.0,0.0,4.0,2.0,21.0,10.5,9.0,12.0,0.0,0.0,0.0,65.6,2,0,2016,16
James Bradberry,10696,CB,1,CAR,63,1,23,39,59.8,43.2,49.9,66.7,61.7,0.0,0.0,0.0,0.0,0.0,5.0,0.0,1.0,0.0,0.0,6.0,4.0,43.0,10.8,12.0,28.0,0.0,0.0,1.0,87.5,1,0,2016,16
Adam Gotsis,10697,DI,1,DEN,34,15,19,0,59.7,62.7,67.4,53.0,,0.0,0.0,0.0,0.0,0.0,1.0,0.0,0.0,0.0,0.0,0.0,0.0,0.0,,0.0,,0.0,0.0,0.0,0.0,0,0,2016,16
Kevin Byard,10698,S,1,TEN,35,1,11,23,68.2,64.2,76.8,59.1,65.4,0.0,0.0,0.0,0.0,0.0,1.0,1.0,0.0,1.0,0.0,0.0,0.0,0.0,,0.0,,0.0,0.0,0.0,0.0,0,0,2016,16
Carl Nassib,10699,ED,1,CLV,53,43,10,0,43.9,46.1,71.4,48.8,60.0,1.0,0.0,0.0,1.0,0.0,1.0,1.0,0.0,0.0,0.0,0.0,0.0,0.0,,0.0,,0.0,0.0,0.0,0.0,0,0,2016,16
Maliek Collins,10701,DI,1,DAL,65,47,18,0,58.6,34.5,26.2,77.0,,5.0,1.0,2.0,2.0,0.0,0.0,0.0,1.0,1.0,0.0,0.0,0.0,0.0,,0.0,,0.0,0.0,0.0,0.0,0,0,2016,16
Yannick Ngakoue,10703,ED,1,JAX,49,39,9,1,65.1,73.3,69.2,57.3,60.0,3.0,1.0,0.0,2.0,0.0,0.0,0.0,0.0,1.0,0.0,1.0,0.0,0.0,,0.0,,0.0,0.0,0.0,39.6,0,0,2016,16
Jonathan Bullard,10706,DI,1,CHI,28,12,15,1,67.1,65.7,68.8,60.0,60.0,2.0,0.0,0.0,2.0,0.0,2.0,0.0,0.0,2.0,0.0,0.0,0.0,0.0,,0.0,,0.0,0.0,0.0,0.0,0,0,2016,16
Daryl Worley,10711,CB,1,CAR,62,0,23,39,58.4,50.0,36.3,,60.7,0.0,0.0,0.0,0.0,0.0,2.0,1.0,1.0,0.0,0.0,1.0,1.0,22.0,22.0,1.0,22.0,0.0,0.0,0.0,118.8,0,0,2016,16
Adolphus Washington,10714,DI,1,BUF,24,5,19,0,58.4,58.6,,57.1,,0.0,0.0,0.0,0.0,0.0,0.0,0.0,0.0,0.0,0.0,0.0,0.0,0.0,,0.0,,0.0,0.0,0.0,0.0,0,0,2016,16
Jordan Jenkins,10717,ED,1,NYJ,64,23,37,4,65.7,56.2,73.6,69.7,62.2,1.0,0.0,0.0,1.0,0.0,1.0,2.0,0.0,0.0,0.0,0.0,0.0,0.0,,0.0,,0.0,0.0,0.0,0.0,0,0,2016,16
Kendall Fuller,10718,CB,1,WAS,30,0,9,21,53.2,50.0,43.3,,55.3,0.0,0.0,0.0,0.0,0.0,1.0,1.0,0.0,0.0,0.0,3.0,2.0,27.0,13.5,3.0,14.0,0.0,0.0,0.0,95.1,0,0,2016,16
Nick Vigil,10721,LB,1,CIN,20,3,3,14,63.3,62.3,74.2,54.7,63.6,0.0,0.0,0.0,0.0,0.0,1.0,1.0,0.0,1.0,0.0,1.0,1.0,6.0,6.0,1.0,6.0,0.0,0.0,0.0,91.7,0,0,2016,16
Kyler Fackrell,10722,ED,1,GB,9,7,2,0,59.1,60.0,,52.7,,0.0,0.0,0.0,0.0,0.0,0.0,0.0,0.0,0.0,0.0,0.0,0.0,0.0,,0.0,,0.0,0.0,0.0,0.0,0,0,2016,16
Javon Hargrave,10723,DI,1,PIT,64,43,20,1,74.7,73.8,71.1,65.8,59.8,4.0,0.0,0.0,4.0,0.0,2.0,2.0,0.0,2.0,0.0,0.0,0.0,0.0,,0.0,,0.0,0.0,0.0,0.0,0,0,2016,16
Brandon Williams,10726,CB,1,ARZ,80,0,23,57,40.7,66.7,82.9,,37.1,0.0,0.0,0.0,0.0,0.0,11.0,0.0,0.0,3.0,0.0,18.0,11.0,163.0,14.8,55.0,42.0,2.0,0.0,0.0,127.8,1,0,2016,16
Vincent Valentine,10730,DI,1,NE,41,14,27,0,57.8,59.9,71.4,53.1,,0.0,0.0,0.0,0.0,0.0,1.0,3.0,0.0,1.0,0.0,0.0,0.0,0.0,,0.0,,0.0,0.0,0.0,0.0,0,0,2016,16
Justin Simmons,10732,S,1,DEN,68,0,32,36,70.3,34.0,49.0,,80.7,0.0,0.0,0.0,0.0,0.0,5.0,0.0,0.0,1.0,0.0,3.0,1.0,17.0,17.0,14.0,17.0,0.0,1.0,1.0,13.9,0,0,2016,16
Joe Schobert,10733,ED,1,CLV,2,1,1,0,67.7,60.0,87.3,59.1,,1.0,0.0,0.0,1.0,0.0,0.0,0.0,0.0,0.0,0.0,0.0,0.0,0.0,,0.0,,0.0,0.0,0.0,0.0,0,0,2016,16
Joshua Perry,10736,LB,1,SD,5,0,4,1,68.7,64.2,83.6,,60.0,0.0,0.0,0.0,0.0,0.0,0.0,0.0,0.0,0.0,0.0,0.0,0.0,0.0,,0.0,,0.0,0.0,0.0,0.0,0,0,2016,16
Sheldon Day,10737,DI,1,JAX,13,11,2,0,51.0,59.9,67.4,66.5,,1.0,1.0,0.0,0.0,0.0,0.0,0.0,0.0,1.0,0.0,0.0,0.0,0.0,,0.0,,0.0,0.0,0.0,0.0,1,0,2016,16
Tavon Young,10738,CB,1,BLT,57,0,21,36,61.7,33.3,29.0,,69.4,0.0,0.0,0.0,0.0,0.0,3.0,0.0,2.0,0.0,0.0,4.0,2.0,17.0,8.5,5.0,9.0,0.0,0.0,1.0,61.5,1,0,2016,16
Eric Murray,10740,S,1,KC,10,0,4,6,71.1,60.0,86.6,,62.8,0.0,0.0,0.0,0.0,0.0,2.0,0.0,0.0,1.0,0.0,0.0,0.0,0.0,,0.0,,0.0,0.0,0.0,0.0,0,0,2016,16
Miles Killebrew,10745,S,1,DET,6,1,0,5,39.7,,,67.6,35.5,1.0,0.0,0.0,1.0,0.0,0.0,0.0,0.0,0.0,0.0,0.0,0.0,0.0,,0.0,,0.0,0.0,0.0,0.0,1,0,2016,16
Nick Kwiatkoski,10747,LB,1,CHI,67,6,35,26,54.8,55.7,80.3,61.9,55.7,2.0,0.0,0.0,2.0,0.0,7.0,0.0,0.0,2.0,0.0,4.0,4.0,42.0,10.5,9.0,16.0,0.0,0.0,0.0,110.4,0,0,2016,16
Hassan Ridgeway,10750,DI,1,IND,49,15,33,1,41.1,40.1,69.5,60.3,59.5,1.0,0.0,0.0,1.0,0.0,2.0,0.0,0.0,1.0,0.0,0.0,0.0,0.0,,0.0,,0.0,0.0,0.0,0.0,0,0,2016,16
Juston Burris,10752,CB,1,NYJ,37,0,10,27,70.9,61.3,72.8,,70.9,0.0,0.0,0.0,0.0,0.0,1.0,0.0,0.0,0.0,0.0,6.0,2.0,26.0,13.0,0.0,18.0,1.0,0.0,2.0,87.5,1,0,2016,16
David Onyemata,10754,DI,1,NO,26,16,8,2,63.2,59.2,26.2,66.6,58.0,1.0,0.0,0.0,1.0,0.0,1.0,0.0,1.0,1.0,0.0,0.0,0.0,0.0,,0.0,,0.0,0.0,0.0,0.0,0,0,2016,16
Deon Bush,10758,S,1,CHI,13,0,6,7,51.6,48.1,26.5,,62.9,0.0,0.0,0.0,0.0,0.0,2.0,0.0,1.0,0.0,0.0,0.0,0.0,0.0,,0.0,,0.0,0.0,0.0,0.0,0,0,2016,16
Antonio Morrison,10759,LB,1,IND,68,4,37,27,80.8,78.3,82.5,53.2,69.7,0.0,0.0,0.0,0.0,0.0,7.0,4.0,0.0,4.0,0.0,0.0,0.0,0.0,,0.0,,0.0,0.0,0.0,0.0,0,0,2016,16
Deiondre' Hall,10761,CB,1,CHI,15,0,7,8,32.8,62.6,74.6,,54.0,1.0,0.0,1.0,0.0,0.0,1.0,1.0,0.0,0.0,0.0,1.0,0.0,0.0,,0.0,,0.0,0.0,0.0,39.6,2,1,2016,16
Blake Martinez,10765,LB,1,GB,10,0,5,5,65.3,61.6,74.2,,63.6,0.0,0.0,0.0,0.0,0.0,2.0,0.0,0.0,1.0,0.0,0.0,0.0,0.0,,0.0,,0.0,0.0,0.0,0.0,0,0,2016,16
Rashard Robinson,10767,CB,1,SF,59,0,28,31,90.1,71.4,72.5,,92.6,0.0,0.0,0.0,0.0,0.0,1.0,0.0,1.0,1.0,0.0,5.0,0.0,0.0,,0.0,,0.0,1.0,1.0,0.0,3,1,2016,16
Dean Lowry,10771,DI,1,GB,19,14,5,0,58.5,51.5,,65.9,,2.0,0.0,0.0,2.0,0.0,0.0,0.0,0.0,0.0,0.0,0.0,0.0,0.0,,0.0,,0.0,0.0,0.0,0.0,0,0,2016,16
Ronald Blair III,10776,DI,1,SF,22,14,8,0,57.4,58.6,67.3,57.2,,1.0,1.0,0.0,0.0,0.0,0.0,0.0,0.0,1.0,0.0,0.0,0.0,0.0,,0.0,,0.0,0.0,0.0,0.0,0,0,2016,16
Matthew Judon,10780,ED,1,BLT,15,10,4,1,61.2,61.7,69.9,58.0,60.0,1.0,0.0,1.0,0.0,0.0,0.0,1.0,0.0,0.0,0.0,0.0,0.0,0.0,,0.0,,0.0,0.0,0.0,0.0,0,0,2016,16
Matt Ioannidis,10786,DI,1,WAS,9,5,4,0,50.0,52.9,,56.2,,0.0,0.0,0.0,0.0,0.0,0.0,0.0,0.0,0.0,0.0,0.0,0.0,0.0,,0.0,,0.0,0.0,0.0,0.0,0,0,2016,16
LeShaun Sims,10791,CB,1,TEN,49,0,17,32,51.1,51.3,83.6,,51.9,0.0,0.0,0.0,0.0,0.0,3.0,0.0,0.0,0.0,0.0,6.0,3.0,33.0,11.0,6.0,21.0,1.0,0.0,0.0,106.3,0,0,2016,16
D.J. Reader,10800,DI,1,HST,27,16,11,0,69.9,63.6,69.5,59.4,62.2,1.0,0.0,0.0,1.0,0.0,0.0,2.0,0.0,0.0,0.0,0.0,0.0,0.0,,0.0,,0.0,0.0,0.0,0.0,0,0,2016,16
Antwione Williams,10803,LB,1,DET,10,0,10,0,61.9,61.0,87.3,,,0.0,0.0,0.0,0.0,0.0,0.0,0.0,0.0,0.0,0.0,0.0,0.0,0.0,,0.0,,0.0,0.0,0.0,0.0,0,0,2016,16
Jatavis Brown,10809,LB,1,SD,71,7,26,38,78.6,76.1,81.8,60.9,70.8,1.0,1.0,0.0,0.0,0.0,8.0,0.0,0.0,4.0,0.0,3.0,3.0,6.0,2.0,14.0,5.0,0.0,0.0,0.0,79.2,0,0,2016,16
Anthony Brown,10823,CB,1,DAL,9,0,3,6,84.5,60.0,,,85.0,0.0,0.0,0.0,0.0,0.0,0.0,0.0,0.0,0.0,0.0,1.0,0.0,0.0,,0.0,,0.0,0.0,1.0,39.6,0,0,2016,16
Blake Countess,10830,S,1,LA,74,3,27,44,53.1,79.9,80.5,75.1,40.1,2.0,1.0,0.0,1.0,0.0,7.0,2.0,0.0,4.0,0.0,10.0,7.0,67.0,9.6,52.0,13.0,0.0,0.0,0.0,88.3,1,0,2016,16
Anthony Zettel,10836,ED,1,DET,10,6,4,0,55.8,60.8,,52.8,,0.0,0.0,0.0,0.0,0.0,0.0,0.0,0.0,0.0,0.0,0.0,0.0,0.0,,0.0,,0.0,0.0,0.0,0.0,0,0,2016,16
Dadi Nicolas,10837,ED,1,KC,8,5,3,0,54.3,59.9,,53.4,,0.0,0.0,0.0,0.0,0.0,0.0,0.0,0.0,0.0,0.0,0.0,0.0,0.0,,0.0,,0.0,0.0,0.0,0.0,0,0,2016,16
Harlan Miller,10839,CB,1,ARZ,80,0,23,57,62.9,62.7,75.2,,61.3,0.0,0.0,0.0,0.0,0.0,0.0,0.0,0.0,0.0,0.0,0.0,0.0,0.0,,0.0,,0.0,0.0,1.0,0.0,0,0,2016,16
Elandon Roberts,10848,LB,1,NE,28,1,20,7,85.1,89.6,85.9,59.1,50.0,0.0,0.0,0.0,0.0,0.0,8.0,2.0,0.0,2.0,1.0,2.0,1.0,30.0,30.0,7.0,30.0,0.0,0.0,0.0,95.8,0,0,2016,16
Kevon Seymour,10852,CB,1,BUF,14,0,8,6,63.5,61.4,82.3,,62.4,0.0,0.0,0.0,0.0,0.0,2.0,0.0,0.0,1.0,0.0,2.0,2.0,10.0,5.0,10.0,7.0,0.0,0.0,0.0,87.5,0,0,2016,16
Will Parks,10853,S,1,DEN,21,0,7,14,29.5,58.4,86.1,,28.7,0.0,0.0,0.0,0.0,0.0,3.0,0.0,0.0,1.0,0.0,4.0,4.0,34.0,8.5,25.0,15.0,0.0,0.0,0.0,102.1,0,0,2016,16
Aaron Wallace,10856,ED,1,TEN,19,10,6,3,57.6,58.6,73.9,53.2,63.8,0.0,0.0,0.0,0.0,0.0,3.0,0.0,0.0,2.0,0.0,1.0,1.0,6.0,6.0,3.0,6.0,0.0,0.0,0.0,91.7,0,0,2016,16
Jalen Mills,10867,CB,1,PHI,67,0,17,50,63.9,65.7,27.7,,62.9,0.0,0.0,0.0,0.0,0.0,5.0,1.0,3.0,1.0,0.0,9.0,7.0,54.0,7.7,27.0,9.0,0.0,0.0,0.0,91.7,0,0,2016,16
Scooby Wright III,10884,LB,1,ARZ,3,1,2,0,64.3,62.5,72.0,59.1,,0.0,0.0,0.0,0.0,0.0,0.0,2.0,0.0,0.0,0.0,0.0,0.0,0.0,,0.0,,0.0,0.0,0.0,0.0,0,0,2016,16
Kalan Reed,10887,CB,1,TEN,13,0,2,11,68.5,60.0,71.6,,68.4,0.0,0.0,0.0,0.0,0.0,1.0,0.0,0.0,0.0,0.0,0.0,0.0,0.0,,0.0,,0.0,0.0,0.0,0.0,0,0,2016,16
Johnny Maxey,10888,DI,1,PIT,21,9,12,0,60.5,59.0,24.2,61.1,,0.0,0.0,0.0,0.0,0.0,0.0,0.0,1.0,0.0,0.0,0.0,0.0,0.0,,0.0,,0.0,0.0,0.0,0.0,0,0,2016,16
Briean Boddy-Calhoun,10903,CB,1,CLV,52,0,9,43,68.8,61.1,77.5,,68.5,0.0,0.0,0.0,0.0,0.0,4.0,0.0,0.0,0.0,0.0,2.0,1.0,20.0,20.0,2.0,20.0,0.0,0.0,0.0,85.4,0,0,2016,16
Chris Milton,10914,CB,1,IND,2,0,1,1,30.0,60.0,,,60.0,0.0,0.0,0.0,0.0,0.0,0.0,0.0,0.0,0.0,0.0,1.0,1.0,22.0,22.0,2.0,22.0,0.0,0.0,0.0,118.8,0,0,2016,16
DaVonte Lambert,10937,ED,1,TB,57,28,29,0,31.3,32.0,26.5,48.2,,0.0,0.0,0.0,0.0,0.0,2.0,0.0,1.0,0.0,0.0,0.0,0.0,0.0,,0.0,,0.0,0.0,0.0,0.0,0,0,2016,16
Chris Landrum,10992,ED,1,SD,15,7,7,1,60.8,64.0,,53.9,60.0,0.0,0.0,0.0,0.0,0.0,0.0,0.0,0.0,0.0,0.0,0.0,0.0,0.0,,0.0,,0.0,0.0,0.0,0.0,0,0,2016,16
Trevor Williams,11004,CB,1,SD,71,0,26,45,71.2,78.8,52.2,,66.7,0.0,0.0,0.0,0.0,0.0,4.0,1.0,1.0,3.0,0.0,5.0,2.0,28.0,14.0,17.0,21.0,0.0,0.0,0.0,58.8,0,0,2016,16
Sharrod Neasman,11050,S,1,ATL,7,0,3,4,81.0,60.0,75.2,,74.4,0.0,0.0,0.0,0.0,0.0,1.0,0.0,0.0,0.0,0.0,0.0,0.0,0.0,,0.0,,0.0,0.0,0.0,0.0,0,0,2016,16
Brian Poole,11052,CB,1,ATL,57,1,13,43,79.8,35.3,26.6,59.0,88.8,0.0,0.0,0.0,0.0,0.0,1.0,0.0,1.0,1.0,0.0,1.0,0.0,0.0,,0.0,,0.0,1.0,0.0,0.0,0,0,2016,16
Tracy Howard,11063,S,1,CLV,25,0,4,21,58.6,62.0,73.3,,57.5,0.0,0.0,0.0,0.0,0.0,0.0,1.0,0.0,0.0,0.0,3.0,1.0,25.0,25.0,11.0,25.0,0.0,0.0,1.0,64.6,0,0,2016,16
Destiny Vaeao,11083,DI,1,PHI,22,16,6,0,58.3,68.6,,49.7,,1.0,0.0,0.0,1.0,0.0,0.0,0.0,0.0,0.0,0.0,0.0,0.0,0.0,,0.0,,0.0,0.0,0.0,0.0,0,0,2016,16
Patrick Onwuasor,11100,LB,1,BLT,6,0,5,1,82.2,72.6,73.2,,60.0,0.0,0.0,0.0,0.0,0.0,1.0,0.0,0.0,0.0,0.0,0.0,0.0,0.0,,0.0,,0.0,0.0,0.0,0.0,0,0,2016,16
Michael Pierce,11101,DI,1,BLT,19,7,12,0,55.8,52.6,,64.6,,1.0,0.0,0.0,1.0,0.0,0.0,0.0,0.0,0.0,0.0,0.0,0.0,0.0,,0.0,,0.0,0.0,0.0,0.0,0,0,2016,16
Kentrell Brice,11142,S,1,GB,42,1,7,34,67.4,65.0,84.4,58.9,64.3,0.0,0.0,0.0,0.0,0.0,3.0,0.0,0.0,0.0,0.0,0.0,0.0,0.0,,0.0,,0.0,0.0,0.0,0.0,0,0,2016,16
Makinton Dorleant,11145,CB,1,GB,4,0,0,4,66.1,,72.8,,65.8,0.0,0.0,0.0,0.0,0.0,1.0,0.0,0.0,0.0,0.0,1.0,1.0,11.0,11.0,8.0,11.0,0.0,0.0,0.0,112.5,0,0,2016,16
Joel Heath,11162,DI,1,HST,13,8,5,0,47.6,45.2,,64.2,,0.0,0.0,0.0,0.0,0.0,0.0,0.0,0.0,0.0,0.0,0.0,0.0,0.0,,0.0,,0.0,0.0,0.0,0.0,0,0,2016,16
Terrance Smith,11181,LB,1,KC,10,0,4,6,49.0,64.9,,,45.5,0.0,0.0,0.0,0.0,0.0,0.0,0.0,0.0,0.0,0.0,2.0,1.0,21.0,21.0,26.0,21.0,0.0,0.0,0.0,87.5,0,0,2016,16
Morgan Fox,11184,DI,1,LA,24,14,10,0,91.7,93.6,70.6,50.6,60.0,0.0,0.0,0.0,0.0,0.0,1.0,1.0,0.0,1.0,1.0,0.0,0.0,0.0,,0.0,,0.0,0.0,0.0,0.0,0,0,2016,16
Cory Littleton,11190,LB,1,LA,5,2,2,1,71.5,60.0,,69.5,60.0,0.0,0.0,0.0,0.0,0.0,0.0,0.0,0.0,0.0,0.0,0.0,0.0,0.0,,0.0,,0.0,0.0,0.0,0.0,0,0,2016,16
Jonathan Jones,11217,CB,1,NE,11,0,4,7,50.4,60.0,90.0,,50.0,0.0,0.0,0.0,0.0,0.0,0.0,0.0,0.0,0.0,0.0,1.0,0.0,0.0,,0.0,,0.0,0.0,0.0,39.6,0,0,2016,16
Ken Crawley,11224,CB,1,NO,17,0,0,17,50.1,,29.2,,49.5,0.0,0.0,0.0,0.0,0.0,1.0,1.0,1.0,0.0,0.0,2.0,2.0,34.0,17.0,3.0,22.0,0.0,0.0,0.0,118.8,0,0,2016,16
Andrew Adams,11240,S,1,NYG,40,1,21,18,54.3,57.2,24.7,58.4,56.2,0.0,0.0,0.0,0.0,0.0,1.0,0.0,2.0,1.0,0.0,0.0,0.0,0.0,,0.0,,0.0,0.0,0.0,0.0,0,0,2016,16
Romeo Okwara,11250,DI,1,NYG,50,25,24,1,62.4,60.5,38.3,53.1,62.7,3.0,0.0,0.0,3.0,0.0,3.0,0.0,0.0,3.0,0.0,0.0,0.0,0.0,,0.0,,0.0,0.0,0.0,0.0,0,0,2016,16
Doug Middleton,11262,S,1,NYJ,19,0,9,10,27.7,53.9,58.9,,29.4,0.0,0.0,0.0,0.0,0.0,3.0,1.0,1.0,1.0,0.0,2.0,2.0,50.0,25.0,5.0,28.0,0.0,0.0,0.0,118.8,1,0,2016,16
DeAndre Elliott,11281,CB,1,SEA,3,0,0,3,78.1,,,,75.9,0.0,0.0,0.0,0.0,0.0,0.0,0.0,0.0,0.0,0.0,1.0,0.0,0.0,,0.0,,0.0,0.0,0.0,39.6,0,0,2016,16
Mehdi Abdesmad,11322,DI,1,TEN,7,3,4,0,36.2,44.6,,58.5,,0.0,0.0,0.0,0.0,0.0,0.0,0.0,0.0,0.0,0.0,0.0,0.0,0.0,,0.0,,0.0,0.0,0.0,0.0,0,0,2016,16
Marwin Evans,11343,S,1,GB,2,2,0,0,57.9,,,54.2,,0.0,0.0,0.0,0.0,0.0,0.0,0.0,0.0,0.0,0.0,0.0,0.0,0.0,,0.0,,0.0,0.0,0.0,0.0,0,0,2016,16
James Cowser,11351,ED,1,OAK,9,3,6,0,64.2,65.5,69.6,55.0,,0.0,0.0,0.0,0.0,0.0,1.0,0.0,0.0,0.0,0.0,0.0,0.0,0.0,,0.0,,0.0,0.0,0.0,0.0,0,0,2016,16
Darius Latham,11356,DI,1,OAK,18,7,11,0,40.5,44.5,66.8,54.3,,0.0,0.0,0.0,0.0,0.0,0.0,1.0,0.0,0.0,0.0,0.0,0.0,0.0,,0.0,,0.0,0.0,0.0,0.0,0,0,2016,16
Wynton McManis,11373,LB,1,SF,1,0,0,1,61.6,,,,60.0,,,,,,,,,,,,,,,,,,,,,0,0,2016,16
Javien Elliott,11418,CB,1,TB,28,0,8,20,60.5,62.4,79.0,,59.3,0.0,0.0,0.0,0.0,0.0,1.0,1.0,0.0,0.0,0.0,2.0,2.0,18.0,9.0,7.0,11.0,1.0,0.0,0.0,143.8,0,0,2016,16
