,nfl.p.24793,nfl.p.26650,nfl.p.26664,nfl.p.27538,nfl.p.27564,nfl.p.28402,nfl.p.28408,nfl.p.28461,nfl.p.28592,nfl.p.29238,nfl.p.29785,nfl.p.30117,nfl.p.30121,nfl.p.30132,nfl.p.30154,nfl.p.30161,nfl.p.30256,nfl.p.30269,nfl.p.30502,nfl.p.30977,nfl.p.30994,nfl.p.31002,nfl.p.31017,nfl.p.31019,nfl.p.31031,nfl.p.31051,nfl.p.31056,nfl.p.31100,nfl.p.31840,nfl.p.31856,nfl.p.31868,nfl.p.6762,nfl.p.9353,nfl.p.9496,nfl.t.14,nfl.t.16,nfl.t.20,nfl.t.7,Proj. Pts,teamRank
Proj. Pts,0.0,13.4,8.5,0.0,0.0,7.5,0.0,0.0,0.0,0.0,0.0,15.6,0.0,0.0,17.6,0.0,0.0,12.6,0.0,0.0,0.0,23.0,0.0,0.0,0.0,0.0,0.0,0.0,0.0,0.0,0.0,0.0,7.6,0.0,0.0,11.8,0.0,0.0,117.6,1.0
5,0.0,13.4,0.0,0.0,0.0,7.5,0.0,0.0,0.0,0.0,7.3,15.6,20.6,5.7,0.0,0.0,0.0,12.6,0.0,0.0,0.0,23.0,0.0,0.0,0.0,0.0,0.0,0.0,0.0,0.0,0.0,0.0,0.0,0.0,0.0,11.8,0.0,0.0,117.50000000000001,2.0
8,0.0,13.4,0.0,0.0,0.0,7.5,0.0,0.0,0.0,0.0,0.0,15.6,0.0,0.0,17.6,0.0,0.0,12.6,0.0,0.0,0.0,23.0,8.4,0.0,0.0,0.0,0.0,0.0,0.0,0.0,0.0,0.0,7.6,0.0,0.0,11.8,0.0,0.0,117.5,3.0
2,0.0,13.4,8.5,0.0,0.0,0.0,0.0,0.0,0.0,0.0,7.3,15.6,0.0,0.0,17.6,0.0,0.0,12.6,0.0,0.0,0.0,23.0,0.0,0.0,0.0,0.0,0.0,0.0,0.0,0.0,0.0,0.0,7.6,0.0,0.0,11.8,0.0,0.0,117.39999999999999,4.0
29,0.0,13.4,0.0,0.0,0.0,0.0,0.0,0.0,0.0,0.0,7.3,15.6,0.0,0.0,17.6,0.0,0.0,12.6,0.0,0.0,0.0,23.0,8.4,0.0,0.0,0.0,0.0,0.0,0.0,0.0,0.0,0.0,7.6,0.0,0.0,11.8,0.0,0.0,117.3,5.0
26,0.0,13.4,0.0,0.0,0.0,0.0,0.0,0.0,0.0,0.0,7.3,15.6,20.6,0.0,0.0,0.0,0.0,12.6,0.0,0.0,0.0,23.0,0.0,0.0,0.0,0.0,0.0,0.0,5.0,0.0,7.8,0.0,0.0,0.0,0.0,11.8,0.0,0.0,117.10000000000001,6.0
108,0.0,13.4,0.0,0.0,0.0,0.0,0.0,0.0,8.0,0.0,7.3,15.6,0.0,0.0,17.6,0.0,0.0,12.6,0.0,0.0,0.0,23.0,0.0,0.0,0.0,0.0,0.0,0.0,0.0,0.0,7.8,0.0,0.0,0.0,0.0,11.8,0.0,0.0,117.1,7.0
3,0.0,0.0,0.0,0.0,0.0,7.5,0.0,0.0,0.0,0.0,0.0,15.6,20.6,0.0,0.0,0.0,0.0,12.6,0.0,0.0,10.2,23.0,0.0,0.0,0.0,0.0,0.0,0.0,0.0,0.0,7.8,0.0,7.6,0.0,0.0,11.8,0.0,0.0,116.7,8.0
4,0.0,13.4,8.5,0.0,0.0,0.0,0.0,0.0,0.0,0.0,0.0,15.6,20.6,0.0,0.0,0.0,0.0,12.6,0.0,18.8,0.0,0.0,0.0,0.0,0.0,0.0,0.0,0.0,0.0,0.0,7.8,0.0,7.6,0.0,0.0,11.8,0.0,0.0,116.69999999999999,9.0
102,0.0,13.4,0.0,0.0,0.0,0.0,0.0,0.0,0.0,0.0,0.0,15.6,20.6,0.0,0.0,0.0,0.0,12.6,0.0,18.8,0.0,0.0,8.4,0.0,0.0,0.0,0.0,0.0,0.0,0.0,7.8,0.0,7.6,0.0,0.0,11.8,0.0,0.0,116.6,10.0
37,0.0,13.4,0.0,0.0,0.0,7.5,0.0,0.0,0.0,0.0,0.0,15.6,20.6,0.0,0.0,0.0,0.0,12.6,0.0,18.8,0.0,0.0,0.0,0.0,0.0,0.0,8.5,0.0,0.0,0.0,7.8,0.0,0.0,0.0,0.0,11.8,0.0,0.0,116.6,10.0
24,0.0,0.0,8.5,0.0,0.0,0.0,0.0,0.0,0.0,0.0,7.3,15.6,20.6,0.0,0.0,0.0,0.0,12.6,0.0,0.0,0.0,23.0,0.0,0.0,9.5,0.0,0.0,0.0,0.0,0.0,0.0,0.0,7.6,0.0,0.0,11.8,0.0,0.0,116.5,12.0
101,0.0,13.4,8.5,0.0,0.0,0.0,0.0,0.0,0.0,0.0,0.0,15.6,20.6,5.7,0.0,0.0,0.0,12.6,0.0,18.8,0.0,0.0,0.0,0.0,9.5,0.0,0.0,0.0,0.0,0.0,0.0,0.0,0.0,0.0,0.0,11.8,0.0,0.0,116.5,12.0
235,0.0,13.4,0.0,0.0,0.0,0.0,0.0,0.0,0.0,0.0,0.0,15.6,20.6,5.7,0.0,0.0,0.0,12.6,0.0,18.8,10.2,0.0,0.0,0.0,0.0,0.0,0.0,0.0,0.0,0.0,7.8,0.0,0.0,0.0,0.0,11.8,0.0,0.0,116.5,12.0
95,0.0,0.0,0.0,0.0,0.0,0.0,0.0,0.0,0.0,0.0,7.3,15.6,20.6,0.0,0.0,0.0,0.0,12.6,0.0,0.0,10.2,23.0,0.0,0.0,0.0,0.0,0.0,0.0,0.0,0.0,7.8,0.0,7.6,0.0,0.0,11.8,0.0,0.0,116.49999999999999,15.0
118,0.0,0.0,0.0,0.0,0.0,7.5,0.0,0.0,8.0,0.0,0.0,15.6,20.6,0.0,0.0,0.0,0.0,12.6,0.0,0.0,0.0,23.0,0.0,0.0,9.5,0.0,0.0,0.0,0.0,0.0,7.8,0.0,0.0,0.0,0.0,11.8,0.0,0.0,116.4,16.0
33,0.0,0.0,0.0,0.0,0.0,7.5,0.0,0.0,0.0,0.0,7.3,15.6,20.6,0.0,0.0,0.0,0.0,12.6,0.0,0.0,0.0,23.0,0.0,0.0,9.5,0.0,8.5,0.0,0.0,0.0,0.0,0.0,0.0,0.0,0.0,11.8,0.0,0.0,116.39999999999999,17.0
97,0.0,0.0,0.0,0.0,0.0,0.0,0.0,0.0,8.0,0.0,7.3,15.6,20.6,0.0,0.0,0.0,0.0,12.6,0.0,0.0,0.0,23.0,0.0,0.0,9.5,0.0,0.0,0.0,0.0,0.0,7.8,0.0,0.0,0.0,0.0,11.8,0.0,0.0,116.2,18.0
0,0.0,0.0,0.0,0.0,0.0,7.5,0.0,0.0,0.0,0.0,7.3,15.6,20.6,0.0,17.6,0.0,0.0,0.0,0.0,0.0,0.0,23.0,0.0,4.8,0.0,0.0,0.0,0.0,0.0,0.0,7.8,0.0,0.0,0.0,0.0,11.8,0.0,0.0,116.0,19.0
1,0.0,13.4,8.5,0.0,0.0,0.0,0.0,0.0,0.0,0.0,0.0,0.0,20.6,0.0,17.6,0.0,0.0,12.6,0.0,18.8,0.0,0.0,0.0,4.8,0.0,0.0,0.0,0.0,0.0,0.0,7.8,0.0,0.0,0.0,0.0,11.8,0.0,0.0,115.9,20.0
18,0.0,0.0,0.0,0.0,0.0,7.5,0.0,0.0,0.0,0.0,7.3,0.0,20.6,0.0,17.6,0.0,0.0,12.6,0.0,0.0,0.0,23.0,0.0,0.0,0.0,0.0,0.0,0.0,0.0,0.0,7.8,0.0,7.6,0.0,0.0,11.8,0.0,0.0,115.8,21.0
215,0.0,13.4,0.0,5.7,0.0,7.5,0.0,0.0,0.0,0.0,0.0,0.0,20.6,0.0,17.6,0.0,0.0,12.6,0.0,18.8,0.0,0.0,0.0,0.0,0.0,0.0,0.0,0.0,0.0,0.0,7.8,0.0,0.0,0.0,0.0,11.8,0.0,0.0,115.8,21.0
78,0.0,13.4,0.0,0.0,0.0,0.0,0.0,0.0,0.0,0.0,0.0,0.0,20.6,0.0,17.6,0.0,0.0,12.6,0.0,18.8,0.0,0.0,8.4,4.8,0.0,0.0,0.0,0.0,0.0,0.0,7.8,0.0,0.0,0.0,0.0,11.8,0.0,0.0,115.8,21.0
82,0.0,0.0,0.0,0.0,0.0,7.5,0.0,0.0,0.0,0.0,7.3,0.0,20.6,5.7,17.6,0.0,0.0,12.6,0.0,0.0,0.0,23.0,0.0,0.0,9.5,0.0,0.0,0.0,0.0,0.0,0.0,0.0,0.0,0.0,0.0,11.8,0.0,0.0,115.60000000000001,24.0
20,0.0,13.4,0.0,0.0,0.0,7.5,0.0,0.0,0.0,0.0,0.0,0.0,20.6,0.0,0.0,11.3,0.0,12.6,0.0,0.0,0.0,23.0,0.0,0.0,0.0,0.0,0.0,0.0,0.0,0.0,7.8,0.0,7.6,0.0,0.0,11.8,0.0,0.0,115.6,25.0
75,0.0,13.4,0.0,0.0,0.0,0.0,0.0,0.0,0.0,0.0,7.3,0.0,20.6,0.0,0.0,11.3,0.0,12.6,0.0,0.0,0.0,23.0,0.0,0.0,0.0,0.0,0.0,0.0,0.0,0.0,7.8,0.0,7.6,0.0,0.0,11.8,0.0,0.0,115.39999999999999,26.0
10,0.0,13.4,0.0,0.0,0.0,0.0,0.0,0.0,0.0,0.0,7.3,15.6,0.0,0.0,17.6,11.3,0.0,0.0,0.0,0.0,0.0,23.0,0.0,0.0,0.0,0.0,0.0,0.0,0.0,0.0,7.8,0.0,7.6,0.0,0.0,11.8,0.0,0.0,115.39999999999999,26.0
30,0.0,0.0,0.0,0.0,0.0,0.0,0.0,0.0,0.0,0.0,0.0,15.6,20.6,0.0,0.0,0.0,0.0,12.6,0.0,18.8,10.2,0.0,0.0,0.0,9.5,0.0,8.5,0.0,0.0,0.0,7.8,0.0,0.0,0.0,0.0,11.8,0.0,0.0,115.39999999999999,26.0
73,0.0,0.0,0.0,0.0,0.0,0.0,0.0,0.0,0.0,0.0,7.3,0.0,20.6,0.0,17.6,0.0,0.0,12.6,0.0,0.0,0.0,23.0,0.0,0.0,0.0,0.0,0.0,0.0,0.0,0.0,7.8,7.0,7.6,0.0,0.0,11.8,0.0,0.0,115.30000000000001,29.0
12,0.0,13.4,0.0,0.0,0.0,7.5,0.0,0.0,0.0,0.0,7.3,15.6,0.0,0.0,17.6,0.0,0.0,0.0,0.0,18.8,0.0,0.0,0.0,0.0,0.0,0.0,0.0,0.0,0.0,15.7,0.0,0.0,7.6,0.0,0.0,11.8,0.0,0.0,115.3,30.0
89,0.0,13.4,0.0,0.0,0.0,7.5,0.0,12.9,0.0,0.0,0.0,0.0,20.6,5.7,0.0,0.0,0.0,12.6,0.0,0.0,0.0,23.0,0.0,0.0,0.0,0.0,0.0,0.0,0.0,0.0,7.8,0.0,0.0,0.0,0.0,11.8,0.0,0.0,115.3,30.0
84,0.0,13.4,0.0,0.0,0.0,7.5,0.0,0.0,0.0,0.0,7.3,0.0,20.6,0.0,0.0,0.0,0.0,12.6,0.0,18.8,0.0,0.0,0.0,0.0,0.0,0.0,0.0,0.0,0.0,15.7,0.0,0.0,7.6,0.0,0.0,11.8,0.0,0.0,115.3,30.0
13,0.0,13.4,0.0,0.0,0.0,7.5,0.0,0.0,0.0,0.0,7.3,15.6,20.6,0.0,0.0,11.3,0.0,0.0,0.0,0.0,0.0,23.0,0.0,4.8,0.0,0.0,0.0,0.0,0.0,0.0,0.0,0.0,0.0,0.0,0.0,11.8,0.0,0.0,115.3,30.0
58,0.0,0.0,8.5,0.0,0.0,7.5,0.0,0.0,0.0,0.0,7.3,15.6,20.6,0.0,17.6,0.0,0.0,0.0,0.0,18.8,0.0,0.0,0.0,0.0,0.0,0.0,0.0,0.0,0.0,0.0,0.0,0.0,7.6,0.0,0.0,11.8,0.0,0.0,115.3,30.0
168,0.0,0.0,0.0,0.0,0.0,7.5,0.0,0.0,0.0,0.0,7.3,15.6,20.6,0.0,17.6,0.0,0.0,0.0,0.0,18.8,0.0,0.0,8.4,0.0,0.0,0.0,0.0,0.0,0.0,0.0,0.0,0.0,7.6,0.0,0.0,11.8,0.0,0.0,115.2,35.0
188,0.0,0.0,0.0,0.0,0.0,0.0,0.0,0.0,0.0,0.0,7.3,0.0,20.6,0.0,17.6,0.0,0.0,12.6,0.0,0.0,0.0,23.0,0.0,0.0,9.5,0.0,0.0,0.0,5.0,0.0,7.8,0.0,0.0,0.0,0.0,11.8,0.0,0.0,115.2,35.0
53,0.0,13.4,0.0,0.0,17.4,0.0,6.1,0.0,0.0,0.0,0.0,15.6,20.6,0.0,17.6,0.0,0.0,0.0,0.0,0.0,0.0,0.0,0.0,4.8,0.0,0.0,0.0,0.0,0.0,0.0,7.8,0.0,0.0,0.0,0.0,11.8,0.0,0.0,115.10000000000001,37.0
195,0.0,13.4,0.0,0.0,0.0,0.0,0.0,12.9,0.0,0.0,7.3,0.0,20.6,5.7,0.0,0.0,0.0,12.6,0.0,0.0,0.0,23.0,0.0,0.0,0.0,0.0,0.0,0.0,0.0,0.0,7.8,0.0,0.0,0.0,0.0,11.8,0.0,0.0,115.1,38.0
80,0.0,0.0,8.5,0.0,0.0,7.5,0.0,0.0,0.0,0.0,0.0,0.0,20.6,0.0,0.0,0.0,0.0,12.6,0.0,0.0,0.0,23.0,0.0,0.0,0.0,0.0,0.0,0.0,0.0,15.7,7.8,0.0,7.6,0.0,0.0,11.8,0.0,0.0,115.1,38.0
56,0.0,13.4,0.0,0.0,0.0,0.0,0.0,12.9,0.0,0.0,7.3,15.6,0.0,5.7,17.6,0.0,0.0,0.0,0.0,0.0,0.0,23.0,0.0,0.0,0.0,0.0,0.0,0.0,0.0,0.0,7.8,0.0,0.0,0.0,0.0,11.8,0.0,0.0,115.1,38.0
59,0.0,0.0,0.0,0.0,0.0,7.5,0.0,0.0,0.0,0.0,7.3,15.6,20.6,5.7,0.0,0.0,0.0,0.0,0.0,0.0,0.0,23.0,0.0,0.0,0.0,0.0,0.0,0.0,0.0,15.7,7.8,0.0,0.0,0.0,0.0,11.8,0.0,0.0,115.00000000000001,41.0
190,0.0,13.4,0.0,0.0,0.0,0.0,0.0,0.0,0.0,0.0,0.0,0.0,20.6,0.0,0.0,0.0,0.0,12.6,0.0,18.8,0.0,0.0,0.0,4.8,9.5,0.0,0.0,0.0,0.0,15.7,7.8,0.0,0.0,0.0,0.0,11.8,0.0,0.0,115.0,42.0
6,0.0,13.4,0.0,0.0,0.0,7.5,0.0,0.0,0.0,0.0,0.0,15.6,20.6,0.0,0.0,0.0,0.0,12.6,0.0,0.0,0.0,23.0,0.0,0.0,0.0,0.0,0.0,0.0,0.0,0.0,7.8,0.0,7.6,0.0,0.0,0.0,0.0,6.9,115.0,42.0
206,0.0,0.0,0.0,0.0,0.0,7.5,0.0,0.0,0.0,0.0,0.0,0.0,20.6,0.0,0.0,0.0,0.0,12.6,0.0,0.0,0.0,23.0,8.4,0.0,0.0,0.0,0.0,0.0,0.0,15.7,7.8,0.0,7.6,0.0,0.0,11.8,0.0,0.0,115.0,42.0
167,0.0,0.0,0.0,0.0,0.0,7.5,0.0,0.0,8.0,0.0,7.3,15.6,20.6,0.0,17.6,0.0,0.0,0.0,0.0,18.8,0.0,0.0,0.0,0.0,0.0,0.0,0.0,0.0,0.0,0.0,7.8,0.0,0.0,0.0,0.0,11.8,0.0,0.0,115.0,42.0
54,0.0,13.4,8.5,0.0,0.0,0.0,0.0,0.0,0.0,0.0,0.0,15.6,20.6,0.0,0.0,0.0,0.0,0.0,0.0,0.0,0.0,23.0,0.0,4.8,0.0,0.0,0.0,9.5,0.0,0.0,7.8,0.0,0.0,0.0,0.0,11.8,0.0,0.0,115.0,42.0
52,0.0,0.0,8.5,0.0,0.0,0.0,0.0,0.0,0.0,0.0,0.0,15.6,20.6,0.0,17.6,0.0,0.0,0.0,0.0,18.8,0.0,0.0,0.0,4.8,9.5,0.0,0.0,0.0,0.0,0.0,7.8,0.0,0.0,0.0,0.0,11.8,0.0,0.0,115.0,42.0
186,0.0,0.0,8.5,0.0,0.0,0.0,0.0,0.0,0.0,0.0,7.3,0.0,20.6,0.0,0.0,0.0,0.0,12.6,0.0,0.0,0.0,23.0,0.0,0.0,0.0,0.0,0.0,0.0,0.0,15.7,7.8,0.0,7.6,0.0,0.0,11.8,0.0,0.0,114.9,48.0
63,0.0,13.4,0.0,0.0,0.0,7.5,0.0,0.0,0.0,0.0,0.0,15.6,20.6,5.7,0.0,0.0,13.7,0.0,0.0,18.8,0.0,0.0,0.0,0.0,0.0,0.0,0.0,0.0,0.0,0.0,7.8,0.0,0.0,0.0,0.0,11.8,0.0,0.0,114.89999999999999,49.0
154,0.0,0.0,0.0,0.0,0.0,0.0,0.0,0.0,0.0,0.0,0.0,15.6,20.6,0.0,17.6,0.0,0.0,0.0,0.0,18.8,0.0,0.0,8.4,4.8,9.5,0.0,0.0,0.0,0.0,0.0,7.8,0.0,0.0,0.0,0.0,11.8,0.0,0.0,114.89999999999999,49.0
161,0.0,13.4,0.0,0.0,0.0,0.0,6.1,0.0,0.0,0.0,7.3,15.6,20.6,0.0,0.0,0.0,0.0,0.0,0.0,0.0,0.0,23.0,0.0,0.0,0.0,0.0,0.0,9.5,0.0,0.0,0.0,0.0,7.6,0.0,0.0,11.8,0.0,0.0,114.89999999999999,49.0
308,0.0,13.4,0.0,0.0,0.0,0.0,0.0,0.0,0.0,0.0,0.0,15.6,20.6,0.0,0.0,0.0,0.0,0.0,0.0,0.0,0.0,23.0,8.4,4.8,0.0,0.0,0.0,9.5,0.0,0.0,7.8,0.0,0.0,0.0,0.0,11.8,0.0,0.0,114.89999999999999,49.0
79,0.0,0.0,0.0,0.0,0.0,7.5,0.0,0.0,0.0,0.0,0.0,0.0,20.6,0.0,17.6,0.0,0.0,12.6,0.0,18.8,0.0,0.0,0.0,0.0,0.0,0.0,0.0,0.0,0.0,0.0,7.8,0.0,7.6,10.6,0.0,11.8,0.0,0.0,114.89999999999999,49.0
27,0.0,13.4,0.0,0.0,0.0,0.0,0.0,0.0,0.0,0.0,7.3,15.6,20.6,0.0,0.0,0.0,0.0,12.6,0.0,0.0,0.0,23.0,0.0,0.0,0.0,0.0,0.0,0.0,0.0,0.0,7.8,0.0,7.6,0.0,0.0,0.0,0.0,6.9,114.8,54.0
205,0.0,0.0,0.0,0.0,0.0,7.5,0.0,0.0,0.0,17.2,0.0,0.0,20.6,0.0,0.0,0.0,0.0,12.6,0.0,0.0,0.0,23.0,0.0,4.8,9.5,0.0,0.0,0.0,0.0,0.0,7.8,0.0,0.0,0.0,0.0,11.8,0.0,0.0,114.8,54.0
331,0.0,0.0,0.0,0.0,0.0,0.0,0.0,0.0,0.0,0.0,7.3,0.0,20.6,0.0,0.0,0.0,0.0,12.6,0.0,0.0,0.0,23.0,8.4,0.0,0.0,0.0,0.0,0.0,0.0,15.7,7.8,0.0,7.6,0.0,0.0,11.8,0.0,0.0,114.8,54.0
185,0.0,0.0,8.5,0.0,0.0,0.0,0.0,0.0,0.0,0.0,0.0,0.0,20.6,0.0,17.6,0.0,0.0,12.6,0.0,18.8,0.0,0.0,0.0,0.0,9.5,0.0,0.0,0.0,0.0,0.0,7.8,0.0,7.6,0.0,0.0,11.8,0.0,0.0,114.8,54.0
328,0.0,0.0,0.0,0.0,0.0,0.0,0.0,0.0,0.0,0.0,0.0,0.0,20.6,0.0,17.6,0.0,0.0,12.6,0.0,18.8,0.0,0.0,8.4,0.0,9.5,0.0,0.0,0.0,0.0,0.0,7.8,0.0,7.6,0.0,0.0,11.8,0.0,0.0,114.7,58.0
202,0.0,0.0,0.0,0.0,0.0,7.5,0.0,0.0,0.0,0.0,0.0,0.0,20.6,0.0,17.6,0.0,0.0,12.6,0.0,18.8,0.0,0.0,0.0,0.0,9.5,0.0,8.5,0.0,0.0,0.0,7.8,0.0,0.0,0.0,0.0,11.8,0.0,0.0,114.7,58.0
42,0.0,13.4,8.5,0.0,0.0,0.0,0.0,0.0,0.0,0.0,0.0,15.6,20.6,0.0,0.0,0.0,0.0,12.6,0.0,0.0,0.0,23.0,0.0,4.8,0.0,0.0,0.0,0.0,0.0,0.0,7.8,0.0,0.0,0.0,0.0,0.0,8.4,0.0,114.7,58.0
155,0.0,13.4,0.0,0.0,0.0,0.0,0.0,0.0,0.0,0.0,7.3,15.6,20.6,5.7,0.0,0.0,13.7,0.0,0.0,18.8,0.0,0.0,0.0,0.0,0.0,0.0,0.0,0.0,0.0,0.0,7.8,0.0,0.0,0.0,0.0,11.8,0.0,0.0,114.7,58.0
128,0.0,13.4,0.0,0.0,0.0,7.5,0.0,0.0,0.0,0.0,0.0,15.6,20.6,5.7,0.0,0.0,0.0,12.6,0.0,0.0,0.0,23.0,0.0,0.0,0.0,0.0,0.0,0.0,0.0,0.0,7.8,0.0,0.0,0.0,0.0,0.0,8.4,0.0,114.60000000000001,62.0
327,0.0,0.0,0.0,0.0,0.0,0.0,0.0,0.0,0.0,0.0,0.0,0.0,20.6,5.7,17.6,0.0,0.0,12.6,0.0,18.8,10.2,0.0,0.0,0.0,9.5,0.0,0.0,0.0,0.0,0.0,7.8,0.0,0.0,0.0,0.0,11.8,0.0,0.0,114.60000000000001,62.0
330,0.0,0.0,0.0,0.0,0.0,0.0,0.0,0.0,0.0,17.2,7.3,0.0,20.6,0.0,0.0,0.0,0.0,12.6,0.0,0.0,0.0,23.0,0.0,4.8,9.5,0.0,0.0,0.0,0.0,0.0,7.8,0.0,0.0,0.0,0.0,11.8,0.0,0.0,114.6,64.0
239,0.0,13.4,0.0,0.0,0.0,0.0,0.0,0.0,0.0,0.0,0.0,15.6,20.6,0.0,0.0,0.0,0.0,12.6,0.0,0.0,0.0,23.0,8.4,4.8,0.0,0.0,0.0,0.0,0.0,0.0,7.8,0.0,0.0,0.0,0.0,0.0,8.4,0.0,114.6,64.0
151,0.0,0.0,0.0,0.0,0.0,0.0,0.0,0.0,0.0,0.0,7.3,15.6,20.6,0.0,0.0,11.3,0.0,0.0,0.0,0.0,0.0,23.0,0.0,0.0,9.5,0.0,0.0,0.0,0.0,0.0,7.8,0.0,7.6,0.0,0.0,11.8,0.0,0.0,114.5,66.0
165,0.0,0.0,0.0,0.0,0.0,7.5,0.0,0.0,0.0,0.0,7.3,15.6,20.6,0.0,0.0,0.0,0.0,0.0,0.0,18.8,0.0,0.0,0.0,0.0,9.5,0.0,0.0,0.0,0.0,15.7,0.0,0.0,7.6,0.0,0.0,11.8,0.0,0.0,114.4,67.0
295,0.0,0.0,0.0,0.0,0.0,0.0,0.0,0.0,0.0,0.0,7.3,15.6,20.6,0.0,0.0,0.0,0.0,0.0,7.7,0.0,0.0,23.0,0.0,4.8,0.0,0.0,0.0,0.0,0.0,15.7,7.8,0.0,0.0,0.0,0.0,11.8,0.0,0.0,114.3,68.0
36,0.0,13.4,0.0,0.0,0.0,0.0,0.0,0.0,0.0,0.0,0.0,15.6,20.6,0.0,0.0,0.0,0.0,12.6,0.0,18.8,0.0,0.0,0.0,0.0,9.5,0.0,0.0,0.0,0.0,0.0,7.8,0.0,7.6,0.0,0.0,0.0,8.4,0.0,114.3,68.0
9,0.0,13.4,0.0,0.0,0.0,7.5,0.0,0.0,0.0,0.0,7.3,0.0,20.6,0.0,17.6,0.0,0.0,0.0,0.0,18.8,0.0,0.0,0.0,0.0,0.0,0.0,0.0,9.5,0.0,0.0,0.0,0.0,7.6,0.0,0.0,11.8,0.0,0.0,114.1,70.0
347,0.0,0.0,0.0,0.0,0.0,7.5,0.0,0.0,0.0,17.2,0.0,0.0,20.6,0.0,0.0,0.0,0.0,12.6,0.0,18.8,10.2,0.0,0.0,0.0,0.0,0.0,0.0,0.0,0.0,0.0,7.8,0.0,7.6,0.0,0.0,11.8,0.0,0.0,114.1,70.0
200,0.0,0.0,8.5,0.0,0.0,7.5,0.0,0.0,0.0,17.2,0.0,0.0,20.6,0.0,0.0,0.0,0.0,12.6,0.0,18.8,0.0,0.0,0.0,0.0,9.5,0.0,0.0,0.0,0.0,0.0,0.0,0.0,7.6,0.0,0.0,11.8,0.0,0.0,114.1,70.0
311,0.0,0.0,0.0,0.0,0.0,7.5,0.0,0.0,0.0,17.2,7.3,15.6,20.6,5.7,0.0,0.0,0.0,0.0,0.0,18.8,0.0,0.0,0.0,0.0,9.5,0.0,0.0,0.0,0.0,0.0,0.0,0.0,0.0,0.0,0.0,11.8,0.0,0.0,114.00000000000001,73.0
290,0.0,0.0,8.5,0.0,0.0,0.0,0.0,0.0,0.0,0.0,0.0,15.6,20.6,5.7,0.0,0.0,0.0,0.0,0.0,18.8,0.0,0.0,0.0,0.0,9.5,0.0,0.0,0.0,0.0,15.7,7.8,0.0,0.0,0.0,0.0,11.8,0.0,0.0,114.0,74.0
418,0.0,0.0,0.0,0.0,0.0,0.0,0.0,0.0,0.0,0.0,0.0,15.6,20.6,5.7,0.0,0.0,0.0,0.0,0.0,18.8,0.0,0.0,8.4,0.0,9.5,0.0,0.0,0.0,0.0,15.7,7.8,0.0,0.0,0.0,0.0,11.8,0.0,0.0,113.9,75.0
439,0.0,0.0,0.0,0.0,0.0,0.0,0.0,0.0,0.0,0.0,0.0,0.0,20.6,0.0,0.0,0.0,0.0,12.6,0.0,18.8,0.0,0.0,0.0,0.0,9.5,9.5,0.0,0.0,0.0,15.7,7.8,0.0,7.6,0.0,0.0,11.8,0.0,0.0,113.9,75.0
46,0.0,0.0,8.5,0.0,0.0,7.5,0.0,0.0,0.0,0.0,0.0,0.0,20.6,0.0,17.6,0.0,0.0,0.0,0.0,0.0,0.0,23.0,0.0,0.0,0.0,0.0,0.0,9.5,0.0,0.0,7.8,0.0,7.6,0.0,0.0,11.8,0.0,0.0,113.9,75.0
122,0.0,13.4,8.5,0.0,0.0,7.5,0.0,0.0,0.0,0.0,0.0,15.6,20.6,0.0,0.0,0.0,0.0,12.6,0.0,18.8,0.0,0.0,0.0,0.0,0.0,0.0,8.5,0.0,0.0,0.0,0.0,0.0,0.0,0.0,0.0,0.0,8.4,0.0,113.89999999999999,78.0
325,0.0,0.0,0.0,0.0,0.0,0.0,0.0,0.0,0.0,17.2,7.3,0.0,20.6,0.0,0.0,0.0,0.0,12.6,0.0,18.8,10.2,0.0,0.0,0.0,0.0,0.0,0.0,0.0,0.0,0.0,7.8,0.0,7.6,0.0,0.0,11.8,0.0,0.0,113.89999999999999,78.0
438,0.0,0.0,8.5,0.0,0.0,0.0,0.0,0.0,0.0,0.0,0.0,0.0,20.6,0.0,0.0,0.0,0.0,12.6,0.0,18.8,0.0,0.0,0.0,0.0,9.5,0.0,8.5,0.0,0.0,15.7,7.8,0.0,0.0,0.0,0.0,11.8,0.0,0.0,113.8,80.0
346,0.0,0.0,0.0,0.0,0.0,7.5,0.0,0.0,0.0,17.2,7.3,0.0,20.6,0.0,0.0,0.0,0.0,12.6,0.0,18.8,0.0,0.0,0.0,0.0,9.5,0.0,8.5,0.0,0.0,0.0,0.0,0.0,0.0,0.0,0.0,11.8,0.0,0.0,113.8,80.0
45,0.0,13.4,0.0,0.0,0.0,0.0,0.0,0.0,0.0,0.0,0.0,0.0,20.6,0.0,17.6,0.0,0.0,0.0,0.0,18.8,0.0,0.0,0.0,4.8,9.5,0.0,0.0,9.5,0.0,0.0,7.8,0.0,0.0,0.0,0.0,11.8,0.0,0.0,113.8,80.0
253,0.0,13.4,0.0,0.0,0.0,7.5,0.0,0.0,0.0,0.0,0.0,15.6,20.6,0.0,0.0,0.0,0.0,12.6,0.0,18.8,0.0,0.0,8.4,0.0,0.0,0.0,8.5,0.0,0.0,0.0,0.0,0.0,0.0,0.0,0.0,0.0,8.4,0.0,113.8,80.0
139,0.0,0.0,0.0,0.0,0.0,7.5,0.0,0.0,0.0,0.0,0.0,0.0,20.6,0.0,17.6,0.0,0.0,0.0,0.0,0.0,0.0,23.0,8.4,0.0,0.0,0.0,0.0,9.5,0.0,0.0,7.8,0.0,7.6,0.0,0.0,11.8,0.0,0.0,113.8,80.0
495,0.0,0.0,0.0,0.0,0.0,0.0,0.0,0.0,0.0,0.0,0.0,0.0,20.6,0.0,0.0,0.0,0.0,12.6,0.0,18.8,0.0,0.0,8.4,0.0,9.5,0.0,8.5,0.0,0.0,15.7,7.8,0.0,0.0,0.0,0.0,11.8,0.0,0.0,113.7,85.0
129,0.0,0.0,8.5,0.0,0.0,0.0,0.0,0.0,0.0,0.0,7.3,0.0,20.6,0.0,17.6,0.0,0.0,0.0,0.0,0.0,0.0,23.0,0.0,0.0,0.0,0.0,0.0,9.5,0.0,0.0,7.8,0.0,7.6,0.0,0.0,11.8,0.0,0.0,113.7,85.0
21,0.0,13.4,0.0,0.0,0.0,7.5,0.0,0.0,0.0,0.0,7.3,0.0,20.6,0.0,17.6,0.0,0.0,12.6,0.0,0.0,0.0,23.0,0.0,4.8,0.0,0.0,0.0,0.0,0.0,0.0,0.0,0.0,0.0,0.0,0.0,0.0,0.0,6.9,113.7,85.0
233,0.0,13.4,0.0,0.0,0.0,0.0,0.0,0.0,0.0,0.0,0.0,15.6,20.6,0.0,0.0,0.0,0.0,12.6,0.0,18.8,0.0,0.0,0.0,0.0,9.5,0.0,8.5,0.0,0.0,0.0,7.8,0.0,0.0,0.0,0.0,0.0,0.0,6.9,113.7,85.0
32,0.0,0.0,0.0,0.0,0.0,7.5,0.0,0.0,0.0,0.0,0.0,15.6,20.6,0.0,0.0,0.0,0.0,12.6,0.0,0.0,0.0,23.0,0.0,0.0,0.0,0.0,0.0,0.0,0.0,0.0,7.8,0.0,7.6,10.6,0.0,0.0,8.4,0.0,113.69999999999999,89.0
259,0.0,0.0,0.0,0.0,0.0,0.0,0.0,0.0,0.0,0.0,7.3,0.0,20.6,0.0,17.6,0.0,0.0,0.0,0.0,0.0,0.0,23.0,8.4,0.0,0.0,0.0,0.0,9.5,0.0,0.0,7.8,0.0,7.6,0.0,0.0,11.8,0.0,0.0,113.60000000000001,90.0
138,0.0,0.0,0.0,0.0,0.0,7.5,0.0,0.0,0.0,0.0,7.3,0.0,20.6,0.0,17.6,0.0,0.0,0.0,0.0,0.0,0.0,23.0,0.0,0.0,0.0,0.0,8.5,9.5,0.0,0.0,7.8,0.0,0.0,0.0,0.0,11.8,0.0,0.0,113.60000000000001,90.0
48,0.0,13.4,0.0,0.0,0.0,7.5,0.0,0.0,0.0,0.0,7.3,0.0,20.6,0.0,0.0,0.0,0.0,0.0,0.0,0.0,0.0,23.0,0.0,4.8,0.0,0.0,0.0,9.5,0.0,15.7,0.0,0.0,0.0,0.0,0.0,11.8,0.0,0.0,113.6,92.0
96,0.0,0.0,8.5,0.0,0.0,0.0,0.0,0.0,0.0,0.0,0.0,15.6,20.6,0.0,0.0,0.0,0.0,12.6,0.0,0.0,0.0,23.0,0.0,0.0,9.5,0.0,0.0,0.0,0.0,0.0,7.8,0.0,7.6,0.0,0.0,0.0,8.4,0.0,113.6,92.0
228,0.0,0.0,0.0,0.0,0.0,0.0,0.0,0.0,0.0,0.0,0.0,15.6,20.6,0.0,0.0,0.0,0.0,12.6,0.0,0.0,0.0,23.0,8.4,0.0,9.5,0.0,0.0,0.0,0.0,0.0,7.8,0.0,7.6,0.0,0.0,0.0,8.4,0.0,113.5,94.0
116,0.0,0.0,0.0,0.0,0.0,7.5,0.0,0.0,0.0,0.0,0.0,15.6,20.6,0.0,0.0,0.0,0.0,12.6,0.0,0.0,0.0,23.0,0.0,0.0,9.5,0.0,8.5,0.0,0.0,0.0,7.8,0.0,0.0,0.0,0.0,0.0,8.4,0.0,113.5,94.0
135,0.0,0.0,0.0,0.0,0.0,7.5,0.0,0.0,0.0,17.2,7.3,0.0,20.6,0.0,17.6,0.0,0.0,0.0,0.0,18.8,0.0,0.0,0.0,4.8,0.0,0.0,0.0,0.0,0.0,0.0,7.8,0.0,0.0,0.0,0.0,11.8,0.0,0.0,113.39999999999999,96.0
227,0.0,0.0,0.0,0.0,0.0,0.0,0.0,0.0,0.0,0.0,0.0,15.6,20.6,5.7,0.0,0.0,0.0,12.6,0.0,0.0,10.2,23.0,0.0,0.0,9.5,0.0,0.0,0.0,0.0,0.0,7.8,0.0,0.0,0.0,0.0,0.0,8.4,0.0,113.39999999999999,96.0
85,0.0,13.4,0.0,0.0,0.0,7.5,0.0,0.0,0.0,0.0,0.0,0.0,20.6,0.0,17.6,0.0,0.0,12.6,0.0,18.8,0.0,0.0,0.0,4.8,9.5,0.0,0.0,0.0,0.0,0.0,0.0,0.0,0.0,0.0,0.0,0.0,8.4,0.0,113.2,98.0
81,0.0,0.0,0.0,0.0,0.0,7.5,0.0,0.0,0.0,0.0,0.0,0.0,20.6,0.0,17.6,0.0,0.0,12.6,0.0,0.0,0.0,23.0,0.0,0.0,9.5,0.0,0.0,0.0,0.0,0.0,7.8,0.0,7.6,0.0,0.0,0.0,0.0,6.9,113.10000000000001,99.0
14,0.0,13.4,0.0,0.0,17.4,7.5,0.0,0.0,0.0,0.0,0.0,15.6,20.6,0.0,17.6,0.0,0.0,0.0,0.0,0.0,0.0,0.0,0.0,4.8,0.0,0.0,0.0,0.0,0.0,0.0,7.8,0.0,0.0,0.0,0.0,0.0,8.4,0.0,113.10000000000001,99.0
131,0.0,13.4,8.5,0.0,0.0,0.0,0.0,0.0,0.0,0.0,0.0,0.0,20.6,0.0,0.0,0.0,13.7,0.0,0.0,0.0,0.0,23.0,0.0,4.8,0.0,0.0,0.0,9.5,0.0,0.0,7.8,0.0,0.0,0.0,0.0,11.8,0.0,0.0,113.1,101.0
258,0.0,0.0,8.5,0.0,0.0,0.0,0.0,0.0,0.0,0.0,0.0,0.0,20.6,0.0,17.6,0.0,0.0,0.0,0.0,0.0,0.0,23.0,0.0,4.8,9.5,0.0,0.0,9.5,0.0,0.0,7.8,0.0,0.0,0.0,0.0,11.8,0.0,0.0,113.1,101.0
76,0.0,13.4,0.0,0.0,0.0,0.0,0.0,0.0,0.0,0.0,7.3,0.0,20.6,0.0,17.6,0.0,0.0,12.6,0.0,18.8,0.0,0.0,0.0,4.8,9.5,0.0,0.0,0.0,0.0,0.0,0.0,0.0,0.0,0.0,0.0,0.0,8.4,0.0,113.0,103.0
136,0.0,0.0,0.0,0.0,0.0,7.5,0.0,0.0,0.0,0.0,0.0,0.0,20.6,0.0,0.0,0.0,0.0,0.0,0.0,0.0,0.0,23.0,0.0,0.0,9.5,0.0,0.0,9.5,0.0,15.7,7.8,0.0,7.6,0.0,0.0,11.8,0.0,0.0,113.0,103.0
390,0.0,0.0,0.0,0.0,0.0,0.0,0.0,0.0,0.0,0.0,0.0,0.0,20.6,0.0,17.6,0.0,0.0,0.0,0.0,0.0,0.0,23.0,8.4,4.8,9.5,0.0,0.0,9.5,0.0,0.0,7.8,0.0,0.0,0.0,0.0,11.8,0.0,0.0,113.0,103.0
266,0.0,13.4,0.0,0.0,0.0,0.0,0.0,0.0,0.0,0.0,0.0,0.0,20.6,0.0,0.0,0.0,13.7,0.0,0.0,0.0,0.0,23.0,8.4,4.8,0.0,0.0,0.0,9.5,0.0,0.0,7.8,0.0,0.0,0.0,0.0,11.8,0.0,0.0,112.99999999999999,106.0
255,0.0,0.0,8.5,0.0,0.0,0.0,0.0,0.0,0.0,0.0,7.3,0.0,20.6,0.0,17.6,0.0,0.0,0.0,0.0,18.8,0.0,0.0,0.0,4.8,0.0,0.0,0.0,0.0,0.0,15.7,7.8,0.0,0.0,0.0,0.0,11.8,0.0,0.0,112.9,107.0
55,0.0,13.4,0.0,0.0,17.4,0.0,0.0,0.0,0.0,0.0,7.3,15.6,20.6,0.0,17.6,0.0,0.0,0.0,0.0,0.0,0.0,0.0,0.0,4.8,0.0,0.0,0.0,0.0,0.0,0.0,7.8,0.0,0.0,0.0,0.0,0.0,8.4,0.0,112.89999999999999,108.0
67,0.0,13.4,0.0,0.0,0.0,7.5,0.0,0.0,0.0,0.0,7.3,15.6,20.6,0.0,0.0,0.0,0.0,0.0,0.0,0.0,0.0,23.0,0.0,0.0,0.0,0.0,0.0,9.5,0.0,0.0,0.0,0.0,7.6,0.0,0.0,0.0,8.4,0.0,112.89999999999999,108.0
187,0.0,0.0,0.0,0.0,0.0,0.0,0.0,0.0,0.0,0.0,7.3,0.0,20.6,0.0,17.6,0.0,0.0,12.6,0.0,0.0,0.0,23.0,0.0,0.0,9.5,0.0,0.0,0.0,0.0,0.0,7.8,0.0,7.6,0.0,0.0,0.0,0.0,6.9,112.89999999999999,108.0
332,0.0,0.0,8.5,0.0,0.0,0.0,0.0,0.0,0.0,0.0,0.0,0.0,20.6,0.0,17.6,0.0,0.0,12.6,0.0,0.0,0.0,23.0,0.0,4.8,9.5,0.0,0.0,0.0,0.0,0.0,7.8,0.0,0.0,0.0,0.0,0.0,8.4,0.0,112.80000000000001,111.0
140,0.0,13.4,0.0,0.0,17.4,7.5,0.0,0.0,0.0,17.2,0.0,0.0,20.6,0.0,0.0,0.0,0.0,0.0,0.0,0.0,0.0,0.0,0.0,0.0,0.0,0.0,0.0,9.5,0.0,0.0,7.8,0.0,7.6,0.0,0.0,11.8,0.0,0.0,112.80000000000001,111.0
384,0.0,0.0,0.0,0.0,0.0,0.0,0.0,0.0,0.0,0.0,7.3,0.0,20.6,0.0,17.6,0.0,0.0,0.0,0.0,18.8,0.0,0.0,8.4,4.8,0.0,0.0,0.0,0.0,0.0,15.7,7.8,0.0,0.0,0.0,0.0,11.8,0.0,0.0,112.80000000000001,111.0
207,0.0,0.0,0.0,0.0,0.0,7.5,0.0,0.0,8.0,0.0,7.3,0.0,20.6,0.0,17.6,0.0,0.0,12.6,0.0,0.0,0.0,23.0,0.0,0.0,0.0,0.0,0.0,0.0,0.0,0.0,7.8,0.0,0.0,0.0,0.0,0.0,8.4,0.0,112.80000000000001,111.0
260,0.0,13.4,0.0,0.0,0.0,0.0,0.0,0.0,0.0,0.0,0.0,0.0,20.6,5.7,0.0,0.0,0.0,0.0,0.0,18.8,0.0,0.0,0.0,0.0,9.5,0.0,0.0,9.5,0.0,15.7,7.8,0.0,0.0,0.0,0.0,11.8,0.0,0.0,112.80000000000001,111.0
60,0.0,0.0,0.0,0.0,0.0,7.5,0.0,0.0,0.0,0.0,7.3,15.6,20.6,0.0,17.6,0.0,0.0,0.0,0.0,0.0,0.0,23.0,0.0,4.8,9.5,0.0,0.0,0.0,0.0,0.0,0.0,0.0,0.0,0.0,0.0,0.0,0.0,6.9,112.8,116.0
413,0.0,13.4,0.0,0.0,0.0,7.5,0.0,12.9,0.0,0.0,7.3,0.0,20.6,0.0,0.0,0.0,0.0,0.0,0.0,18.8,0.0,0.0,0.0,4.8,0.0,0.0,0.0,0.0,0.0,15.7,0.0,0.0,0.0,0.0,0.0,11.8,0.0,0.0,112.8,116.0
256,0.0,0.0,0.0,0.0,0.0,0.0,0.0,0.0,0.0,0.0,7.3,0.0,20.6,0.0,0.0,0.0,0.0,0.0,0.0,0.0,0.0,23.0,0.0,0.0,9.5,0.0,0.0,9.5,0.0,15.7,7.8,0.0,7.6,0.0,0.0,11.8,0.0,0.0,112.8,116.0
470,0.0,0.0,0.0,0.0,0.0,0.0,0.0,0.0,0.0,0.0,7.3,0.0,20.6,5.7,17.6,0.0,13.7,0.0,0.0,18.8,0.0,0.0,0.0,0.0,9.5,0.0,0.0,0.0,0.0,0.0,7.8,0.0,0.0,0.0,0.0,11.8,0.0,0.0,112.8,116.0
173,0.0,0.0,0.0,0.0,0.0,7.5,0.0,0.0,0.0,0.0,7.3,15.6,20.6,0.0,17.6,0.0,0.0,0.0,0.0,0.0,0.0,23.0,0.0,0.0,0.0,0.0,0.0,0.0,5.0,0.0,7.8,0.0,0.0,0.0,0.0,0.0,8.4,0.0,112.8,116.0
446,0.0,0.0,0.0,0.0,0.0,0.0,0.0,0.0,0.0,0.0,0.0,0.0,20.6,0.0,17.6,0.0,0.0,12.6,0.0,0.0,0.0,23.0,8.4,4.8,9.5,0.0,0.0,0.0,0.0,0.0,7.8,0.0,0.0,0.0,0.0,0.0,8.4,0.0,112.7,121.0
217,0.0,13.4,0.0,0.0,0.0,7.5,0.0,0.0,0.0,0.0,7.3,0.0,20.6,5.7,0.0,0.0,0.0,12.6,0.0,0.0,0.0,23.0,0.0,0.0,0.0,0.0,0.0,0.0,0.0,15.7,0.0,0.0,0.0,0.0,0.0,0.0,0.0,6.9,112.7,121.0
88,0.0,13.4,0.0,0.0,0.0,7.5,0.0,0.0,0.0,0.0,0.0,0.0,20.6,5.7,0.0,0.0,13.7,12.6,0.0,0.0,0.0,23.0,0.0,0.0,0.0,0.0,0.0,0.0,0.0,0.0,7.8,0.0,0.0,0.0,0.0,0.0,8.4,0.0,112.7,121.0
175,0.0,13.4,0.0,0.0,0.0,7.5,0.0,0.0,0.0,0.0,0.0,15.6,20.6,0.0,0.0,0.0,0.0,0.0,0.0,18.8,0.0,0.0,0.0,4.8,0.0,0.0,0.0,0.0,0.0,15.7,7.8,0.0,0.0,0.0,0.0,0.0,8.4,0.0,112.6,124.0
159,0.0,13.4,0.0,0.0,0.0,0.0,0.0,0.0,0.0,0.0,0.0,15.6,20.6,0.0,0.0,0.0,0.0,0.0,0.0,0.0,0.0,23.0,0.0,4.8,9.5,0.0,0.0,9.5,0.0,0.0,7.8,0.0,0.0,0.0,0.0,0.0,8.4,0.0,112.6,124.0
275,0.0,0.0,0.0,0.0,0.0,7.5,0.0,0.0,0.0,17.2,0.0,0.0,20.6,5.7,0.0,0.0,0.0,0.0,0.0,0.0,0.0,23.0,0.0,0.0,9.5,0.0,0.0,9.5,0.0,0.0,7.8,0.0,0.0,0.0,0.0,11.8,0.0,0.0,112.6,124.0
194,0.0,13.4,0.0,0.0,0.0,0.0,0.0,0.0,0.0,0.0,7.3,0.0,20.6,5.7,0.0,0.0,13.7,12.6,0.0,0.0,0.0,23.0,0.0,0.0,0.0,0.0,0.0,0.0,0.0,0.0,7.8,0.0,0.0,0.0,0.0,0.0,8.4,0.0,112.50000000000001,127.0
152,0.0,0.0,0.0,0.0,0.0,0.0,6.1,0.0,0.0,0.0,7.3,15.6,20.6,0.0,17.6,0.0,0.0,0.0,0.0,0.0,0.0,23.0,0.0,0.0,0.0,0.0,0.0,0.0,0.0,0.0,7.8,0.0,7.6,0.0,0.0,0.0,0.0,6.9,112.5,128.0
386,0.0,0.0,8.5,0.0,0.0,0.0,0.0,12.9,0.0,0.0,7.3,0.0,20.6,0.0,0.0,0.0,0.0,0.0,0.0,0.0,0.0,23.0,0.0,4.8,0.0,0.0,0.0,0.0,0.0,15.7,7.8,0.0,0.0,0.0,0.0,11.8,0.0,0.0,112.4,129.0
240,11.8,0.0,0.0,0.0,0.0,7.5,0.0,0.0,0.0,0.0,0.0,15.6,20.6,0.0,0.0,0.0,0.0,12.6,0.0,18.8,0.0,0.0,0.0,0.0,9.5,0.0,0.0,0.0,0.0,0.0,0.0,0.0,7.6,0.0,0.0,0.0,8.4,0.0,112.4,129.0
210,0.0,13.4,0.0,0.0,0.0,7.5,0.0,0.0,0.0,0.0,0.0,0.0,20.6,0.0,0.0,0.0,0.0,12.6,0.0,18.8,0.0,0.0,0.0,0.0,0.0,0.0,0.0,0.0,0.0,15.7,7.8,0.0,7.6,0.0,0.0,0.0,8.4,0.0,112.4,129.0
221,0.0,0.0,0.0,0.0,0.0,0.0,0.0,0.0,0.0,0.0,0.0,15.6,20.6,0.0,0.0,0.0,0.0,12.6,0.0,18.8,0.0,0.0,0.0,0.0,9.5,0.0,8.5,0.0,0.0,0.0,7.8,0.0,0.0,10.6,0.0,0.0,8.4,0.0,112.4,129.0
110,0.0,0.0,8.5,0.0,0.0,7.5,0.0,0.0,0.0,0.0,0.0,15.6,20.6,0.0,17.6,0.0,0.0,0.0,0.0,18.8,0.0,0.0,0.0,0.0,0.0,0.0,0.0,0.0,0.0,0.0,7.8,0.0,7.6,0.0,0.0,0.0,8.4,0.0,112.4,129.0
300,0.0,13.4,0.0,0.0,0.0,0.0,0.0,0.0,0.0,0.0,7.3,15.6,20.6,0.0,0.0,0.0,0.0,0.0,0.0,18.8,0.0,0.0,0.0,4.8,0.0,0.0,0.0,0.0,0.0,15.7,7.8,0.0,0.0,0.0,0.0,0.0,8.4,0.0,112.4,129.0
297,0.0,0.0,8.5,0.0,0.0,0.0,6.1,0.0,0.0,0.0,0.0,15.6,20.6,0.0,17.6,0.0,0.0,0.0,0.0,0.0,0.0,23.0,0.0,4.8,0.0,0.0,0.0,0.0,0.0,0.0,7.8,0.0,0.0,0.0,0.0,0.0,8.4,0.0,112.4,129.0
270,0.0,0.0,0.0,0.0,0.0,7.5,0.0,0.0,0.0,17.2,7.3,0.0,20.6,5.7,0.0,0.0,0.0,0.0,0.0,18.8,0.0,0.0,0.0,0.0,0.0,0.0,0.0,0.0,0.0,15.7,7.8,0.0,0.0,0.0,0.0,11.8,0.0,0.0,112.39999999999999,136.0
459,0.0,0.0,0.0,0.0,0.0,0.0,0.0,0.0,0.0,0.0,0.0,15.6,20.6,0.0,0.0,0.0,0.0,12.6,0.0,18.8,0.0,0.0,0.0,0.0,9.5,0.0,0.0,0.0,0.0,0.0,7.8,0.0,7.6,10.6,9.3,0.0,0.0,0.0,112.39999999999999,136.0
473,0.0,0.0,0.0,0.0,0.0,0.0,0.0,0.0,0.0,17.2,7.3,0.0,20.6,5.7,0.0,0.0,0.0,0.0,0.0,0.0,0.0,23.0,0.0,0.0,9.5,0.0,0.0,9.5,0.0,0.0,7.8,0.0,0.0,0.0,0.0,11.8,0.0,0.0,112.39999999999999,136.0
425,0.0,0.0,0.0,0.0,0.0,0.0,6.1,0.0,0.0,0.0,0.0,15.6,20.6,0.0,17.6,0.0,0.0,0.0,0.0,0.0,0.0,23.0,8.4,4.8,0.0,0.0,0.0,0.0,0.0,0.0,7.8,0.0,0.0,0.0,0.0,0.0,8.4,0.0,112.30000000000001,139.0
314,0.0,0.0,0.0,0.0,0.0,7.5,0.0,0.0,0.0,0.0,0.0,15.6,20.6,0.0,17.6,0.0,0.0,0.0,0.0,18.8,0.0,0.0,8.4,0.0,0.0,0.0,0.0,0.0,0.0,0.0,7.8,0.0,7.6,0.0,0.0,0.0,8.4,0.0,112.3,140.0
169,0.0,0.0,0.0,0.0,0.0,7.5,0.0,0.0,0.0,17.2,7.3,15.6,20.6,0.0,0.0,0.0,0.0,0.0,0.0,0.0,0.0,23.0,0.0,4.8,0.0,0.0,0.0,0.0,0.0,0.0,7.8,0.0,0.0,0.0,0.0,0.0,8.4,0.0,112.2,141.0
313,0.0,0.0,8.5,0.0,0.0,7.5,0.0,0.0,0.0,0.0,0.0,15.6,20.6,5.7,17.6,0.0,0.0,0.0,0.0,18.8,0.0,0.0,0.0,0.0,9.5,0.0,0.0,0.0,0.0,0.0,0.0,0.0,0.0,0.0,0.0,0.0,8.4,0.0,112.2,141.0
204,0.0,0.0,0.0,0.0,0.0,7.5,0.0,0.0,0.0,0.0,7.3,0.0,20.6,0.0,0.0,0.0,0.0,12.6,0.0,0.0,0.0,23.0,0.0,0.0,9.5,0.0,0.0,0.0,0.0,15.7,0.0,0.0,7.6,0.0,0.0,0.0,8.4,0.0,112.2,141.0
291,0.0,0.0,8.5,0.0,0.0,0.0,0.0,0.0,0.0,0.0,7.3,15.6,20.6,0.0,17.6,0.0,0.0,0.0,0.0,18.8,0.0,0.0,0.0,0.0,0.0,0.0,0.0,0.0,0.0,0.0,7.8,0.0,7.6,0.0,0.0,0.0,8.4,0.0,112.2,141.0
355,0.0,13.4,0.0,0.0,0.0,7.5,0.0,0.0,0.0,0.0,0.0,0.0,20.6,5.7,0.0,0.0,0.0,12.6,0.0,18.8,0.0,0.0,0.0,0.0,9.5,0.0,0.0,0.0,0.0,15.7,0.0,0.0,0.0,0.0,0.0,0.0,8.4,0.0,112.2,141.0
335,0.0,13.4,0.0,0.0,0.0,0.0,0.0,0.0,0.0,0.0,7.3,0.0,20.6,0.0,0.0,0.0,0.0,12.6,0.0,18.8,0.0,0.0,0.0,0.0,0.0,0.0,0.0,0.0,0.0,15.7,7.8,0.0,7.6,0.0,0.0,0.0,8.4,0.0,112.2,141.0
434,0.0,0.0,0.0,0.0,0.0,7.5,0.0,0.0,0.0,0.0,0.0,15.6,20.6,5.7,17.6,0.0,0.0,0.0,0.0,18.8,10.2,0.0,0.0,0.0,0.0,0.0,0.0,0.0,0.0,0.0,7.8,0.0,0.0,0.0,0.0,0.0,8.4,0.0,112.2,141.0
420,0.0,0.0,0.0,0.0,0.0,0.0,0.0,0.0,0.0,0.0,7.3,15.6,20.6,0.0,17.6,0.0,0.0,0.0,0.0,18.8,0.0,0.0,8.4,0.0,0.0,0.0,0.0,0.0,0.0,0.0,7.8,0.0,7.6,0.0,0.0,0.0,8.4,0.0,112.10000000000001,148.0
201,0.0,0.0,8.5,0.0,0.0,0.0,0.0,0.0,0.0,0.0,0.0,0.0,20.6,0.0,17.6,0.0,0.0,12.6,0.0,18.8,10.2,0.0,0.0,0.0,0.0,0.0,0.0,0.0,0.0,0.0,7.8,0.0,7.6,0.0,0.0,0.0,8.4,0.0,112.1,149.0
447,0.0,13.4,8.5,0.0,0.0,0.0,0.0,0.0,0.0,17.2,0.0,0.0,20.6,0.0,0.0,0.0,0.0,12.6,0.0,18.8,0.0,0.0,0.0,4.8,0.0,0.0,0.0,0.0,0.0,0.0,7.8,0.0,0.0,0.0,0.0,0.0,8.4,0.0,112.1,149.0
349,0.0,0.0,0.0,0.0,0.0,7.5,0.0,0.0,0.0,0.0,0.0,0.0,20.6,0.0,17.6,0.0,0.0,12.6,0.0,18.8,0.0,0.0,0.0,0.0,9.5,9.5,0.0,0.0,0.0,0.0,0.0,0.0,7.6,0.0,0.0,0.0,8.4,0.0,112.1,149.0
441,0.0,0.0,0.0,0.0,0.0,0.0,0.0,0.0,0.0,0.0,0.0,0.0,20.6,0.0,17.6,0.0,0.0,12.6,0.0,18.8,10.2,0.0,8.4,0.0,0.0,0.0,0.0,0.0,0.0,0.0,7.8,0.0,7.6,0.0,0.0,0.0,8.4,0.0,112.0,152.0
498,0.0,13.4,0.0,0.0,0.0,0.0,0.0,0.0,0.0,17.2,0.0,0.0,20.6,0.0,0.0,0.0,0.0,12.6,0.0,18.8,0.0,0.0,8.4,4.8,0.0,0.0,0.0,0.0,0.0,0.0,7.8,0.0,0.0,0.0,0.0,0.0,8.4,0.0,112.0,152.0
489,0.0,0.0,0.0,0.0,0.0,0.0,0.0,0.0,0.0,0.0,7.3,15.6,20.6,5.7,17.6,0.0,0.0,0.0,0.0,18.8,10.2,0.0,0.0,0.0,0.0,0.0,0.0,0.0,0.0,0.0,7.8,0.0,0.0,0.0,0.0,0.0,8.4,0.0,112.0,152.0
419,0.0,0.0,8.5,0.0,0.0,0.0,0.0,0.0,0.0,0.0,7.3,15.6,20.6,5.7,17.6,0.0,0.0,0.0,0.0,18.8,0.0,0.0,0.0,0.0,9.5,0.0,0.0,0.0,0.0,0.0,0.0,0.0,0.0,0.0,0.0,0.0,8.4,0.0,112.0,152.0
381,0.0,0.0,0.0,0.0,0.0,0.0,0.0,12.9,0.0,0.0,7.3,0.0,20.6,0.0,0.0,0.0,0.0,0.0,0.0,18.8,0.0,0.0,0.0,0.0,9.5,0.0,0.0,0.0,0.0,15.7,7.8,0.0,7.6,0.0,0.0,11.8,0.0,0.0,112.0,152.0
348,0.0,0.0,0.0,0.0,0.0,7.5,0.0,0.0,0.0,0.0,0.0,0.0,20.6,0.0,17.6,0.0,0.0,12.6,0.0,18.8,10.2,0.0,0.0,0.0,0.0,0.0,8.5,0.0,0.0,0.0,7.8,0.0,0.0,0.0,0.0,0.0,8.4,0.0,112.0,152.0
329,0.0,0.0,8.5,0.0,0.0,0.0,0.0,0.0,0.0,0.0,0.0,0.0,20.6,5.7,0.0,0.0,0.0,12.6,0.0,0.0,0.0,23.0,0.0,0.0,9.5,0.0,0.0,0.0,0.0,15.7,7.8,0.0,0.0,0.0,0.0,0.0,8.4,0.0,111.80000000000001,158.0
440,0.0,0.0,8.5,0.0,0.0,0.0,0.0,0.0,8.0,0.0,0.0,0.0,20.6,0.0,17.6,0.0,0.0,12.6,0.0,18.8,0.0,0.0,0.0,0.0,9.5,0.0,0.0,0.0,0.0,0.0,7.8,0.0,0.0,0.0,0.0,0.0,8.4,0.0,111.8,159.0
351,0.0,0.0,0.0,0.0,0.0,7.5,0.0,0.0,0.0,17.2,7.3,0.0,20.6,5.7,0.0,0.0,0.0,12.6,0.0,0.0,0.0,23.0,0.0,0.0,9.5,0.0,0.0,0.0,0.0,0.0,0.0,0.0,0.0,0.0,0.0,0.0,8.4,0.0,111.8,159.0
496,0.0,0.0,0.0,0.0,0.0,0.0,0.0,0.0,0.0,0.0,7.3,0.0,20.6,0.0,17.6,0.0,0.0,12.6,0.0,18.8,10.2,0.0,0.0,0.0,0.0,0.0,8.5,0.0,0.0,0.0,7.8,0.0,0.0,0.0,0.0,0.0,8.4,0.0,111.8,159.0
444,0.0,0.0,0.0,0.0,0.0,0.0,0.0,0.0,0.0,0.0,7.3,0.0,20.6,0.0,0.0,0.0,0.0,12.6,0.0,0.0,10.2,23.0,0.0,0.0,0.0,0.0,0.0,0.0,0.0,15.7,7.8,0.0,7.6,0.0,0.0,0.0,0.0,6.9,111.7,162.0
294,0.0,0.0,8.5,0.0,0.0,0.0,0.0,12.9,0.0,0.0,7.3,15.6,20.6,0.0,0.0,0.0,0.0,0.0,0.0,0.0,0.0,23.0,0.0,0.0,0.0,0.0,0.0,0.0,0.0,0.0,7.8,0.0,7.6,0.0,0.0,0.0,8.4,0.0,111.7,162.0
422,0.0,0.0,8.5,0.0,0.0,0.0,0.0,0.0,0.0,0.0,7.3,15.6,20.6,0.0,0.0,0.0,0.0,0.0,0.0,0.0,0.0,23.0,0.0,4.8,0.0,0.0,0.0,0.0,0.0,15.7,7.8,0.0,0.0,0.0,0.0,0.0,8.4,0.0,111.7,162.0
466,0.0,0.0,0.0,0.0,0.0,0.0,0.0,0.0,0.0,17.2,7.3,0.0,20.6,0.0,0.0,0.0,0.0,0.0,7.7,18.8,0.0,0.0,0.0,4.8,0.0,0.0,0.0,0.0,0.0,15.7,7.8,0.0,0.0,0.0,0.0,11.8,0.0,0.0,111.7,162.0
497,0.0,0.0,0.0,0.0,0.0,0.0,0.0,0.0,0.0,0.0,0.0,0.0,20.6,5.7,0.0,0.0,0.0,12.6,0.0,0.0,0.0,23.0,8.4,0.0,9.5,0.0,0.0,0.0,0.0,15.7,7.8,0.0,0.0,0.0,0.0,0.0,8.4,0.0,111.7,162.0
490,0.0,0.0,0.0,0.0,0.0,0.0,0.0,0.0,0.0,17.2,7.3,15.6,20.6,0.0,0.0,0.0,0.0,0.0,0.0,0.0,0.0,23.0,8.4,4.8,0.0,0.0,0.0,0.0,0.0,0.0,7.8,0.0,0.0,0.0,0.0,0.0,0.0,6.9,111.60000000000001,167.0
423,0.0,0.0,0.0,0.0,0.0,0.0,0.0,0.0,0.0,0.0,7.3,15.6,20.6,0.0,0.0,0.0,0.0,0.0,0.0,0.0,0.0,23.0,8.4,4.8,0.0,0.0,0.0,0.0,0.0,15.7,7.8,0.0,0.0,0.0,0.0,0.0,8.4,0.0,111.6,168.0
310,0.0,0.0,0.0,0.0,0.0,7.5,0.0,0.0,0.0,0.0,0.0,15.6,20.6,0.0,0.0,0.0,0.0,0.0,0.0,18.8,0.0,0.0,0.0,0.0,9.5,0.0,0.0,0.0,0.0,15.7,7.8,0.0,7.6,0.0,0.0,0.0,8.4,0.0,111.5,169.0
49,0.0,13.4,0.0,0.0,0.0,7.5,0.0,0.0,0.0,0.0,7.3,0.0,20.6,5.7,17.6,0.0,0.0,0.0,0.0,0.0,0.0,23.0,0.0,0.0,0.0,0.0,0.0,9.5,0.0,0.0,0.0,0.0,0.0,0.0,0.0,0.0,0.0,6.9,111.5,169.0
416,0.0,0.0,8.5,0.0,0.0,0.0,0.0,0.0,0.0,0.0,0.0,15.6,20.6,0.0,0.0,0.0,0.0,0.0,0.0,18.8,0.0,0.0,8.4,0.0,0.0,0.0,0.0,0.0,0.0,15.7,7.8,0.0,7.6,0.0,0.0,0.0,8.4,0.0,111.4,171.0
431,0.0,0.0,8.5,0.0,0.0,7.5,0.0,0.0,0.0,0.0,0.0,15.6,20.6,0.0,0.0,0.0,0.0,0.0,0.0,18.8,0.0,0.0,0.0,0.0,0.0,0.0,8.5,0.0,0.0,15.7,7.8,0.0,0.0,0.0,0.0,0.0,8.4,0.0,111.4,171.0
487,0.0,0.0,0.0,0.0,0.0,0.0,0.0,0.0,0.0,0.0,7.3,15.6,20.6,0.0,0.0,0.0,0.0,0.0,0.0,18.8,0.0,0.0,0.0,0.0,9.5,0.0,0.0,0.0,0.0,15.7,7.8,0.0,7.6,0.0,0.0,0.0,8.4,0.0,111.3,173.0
492,0.0,0.0,0.0,0.0,0.0,7.5,0.0,0.0,0.0,0.0,0.0,15.6,20.6,0.0,0.0,0.0,0.0,0.0,0.0,18.8,0.0,0.0,8.4,0.0,0.0,0.0,8.5,0.0,0.0,15.7,7.8,0.0,0.0,0.0,0.0,0.0,8.4,0.0,111.3,173.0
132,0.0,13.4,0.0,0.0,0.0,0.0,6.1,0.0,0.0,0.0,0.0,0.0,20.6,0.0,17.6,0.0,0.0,0.0,0.0,0.0,0.0,23.0,0.0,4.8,0.0,0.0,0.0,9.5,0.0,0.0,7.8,0.0,0.0,0.0,0.0,0.0,8.4,0.0,111.2,175.0
345,0.0,0.0,0.0,0.0,0.0,0.0,0.0,0.0,0.0,0.0,0.0,0.0,20.6,0.0,0.0,0.0,0.0,12.6,0.0,18.8,10.2,0.0,0.0,0.0,9.5,0.0,0.0,0.0,0.0,15.7,7.8,0.0,7.6,0.0,0.0,0.0,8.4,0.0,111.2,175.0
486,0.0,0.0,8.5,0.0,0.0,0.0,0.0,0.0,0.0,17.2,0.0,15.6,20.6,0.0,0.0,0.0,0.0,0.0,0.0,18.8,0.0,0.0,0.0,4.8,9.5,0.0,0.0,0.0,0.0,0.0,7.8,0.0,0.0,0.0,0.0,0.0,8.4,0.0,111.2,175.0
141,0.0,13.4,0.0,0.0,0.0,7.5,0.0,0.0,0.0,0.0,0.0,0.0,20.6,0.0,17.6,0.0,0.0,0.0,0.0,18.8,0.0,0.0,0.0,0.0,0.0,0.0,0.0,9.5,0.0,0.0,7.8,0.0,7.6,0.0,0.0,0.0,8.4,0.0,111.2,175.0
137,0.0,0.0,0.0,0.0,0.0,7.5,0.0,0.0,0.0,0.0,7.3,0.0,20.6,0.0,17.6,0.0,0.0,0.0,0.0,0.0,0.0,23.0,0.0,4.8,0.0,0.0,0.0,0.0,0.0,15.7,7.8,0.0,0.0,0.0,0.0,0.0,0.0,6.9,111.2,175.0
508,0.0,0.0,0.0,0.0,0.0,0.0,0.0,0.0,0.0,17.2,0.0,15.6,20.6,0.0,0.0,0.0,0.0,0.0,0.0,18.8,0.0,0.0,8.4,4.8,9.5,0.0,0.0,0.0,0.0,0.0,7.8,0.0,0.0,0.0,0.0,0.0,8.4,0.0,111.10000000000001,180.0
283,0.0,13.4,0.0,0.0,0.0,7.5,0.0,0.0,0.0,0.0,0.0,0.0,20.6,0.0,17.6,0.0,13.7,0.0,0.0,18.8,0.0,0.0,0.0,4.8,0.0,0.0,0.0,0.0,0.0,0.0,7.8,0.0,0.0,0.0,0.0,0.0,0.0,6.9,111.1,181.0
261,0.0,13.4,0.0,0.0,0.0,0.0,0.0,0.0,0.0,0.0,7.3,0.0,20.6,0.0,17.6,0.0,0.0,0.0,0.0,18.8,0.0,0.0,0.0,0.0,0.0,0.0,0.0,9.5,0.0,0.0,7.8,0.0,7.6,0.0,0.0,0.0,8.4,0.0,111.00000000000001,182.0
394,0.0,13.4,0.0,0.0,0.0,0.0,0.0,0.0,0.0,0.0,7.3,0.0,20.6,0.0,17.6,0.0,13.7,0.0,0.0,18.8,0.0,0.0,0.0,4.8,0.0,0.0,0.0,0.0,0.0,0.0,7.8,0.0,0.0,0.0,0.0,0.0,0.0,6.9,110.89999999999999,183.0
452,0.0,0.0,0.0,0.0,0.0,7.5,0.0,0.0,0.0,17.2,0.0,0.0,20.6,0.0,0.0,0.0,0.0,12.6,0.0,18.8,0.0,0.0,0.0,0.0,9.5,0.0,8.5,0.0,0.0,0.0,7.8,0.0,0.0,0.0,0.0,0.0,8.4,0.0,110.89999999999999,183.0
493,0.0,0.0,0.0,0.0,0.0,0.0,0.0,0.0,0.0,17.2,0.0,0.0,20.6,5.7,0.0,0.0,0.0,12.6,0.0,18.8,10.2,0.0,0.0,0.0,9.5,0.0,0.0,0.0,0.0,0.0,7.8,0.0,0.0,0.0,0.0,0.0,8.4,0.0,110.8,185.0
271,0.0,0.0,0.0,0.0,0.0,7.5,0.0,0.0,0.0,0.0,0.0,0.0,20.6,0.0,17.6,0.0,0.0,0.0,0.0,18.8,0.0,0.0,0.0,4.8,9.5,0.0,0.0,0.0,0.0,15.7,7.8,0.0,0.0,0.0,0.0,0.0,8.4,0.0,110.7,186.0
144,0.0,13.4,0.0,0.0,0.0,7.5,0.0,0.0,0.0,0.0,0.0,0.0,20.6,0.0,0.0,0.0,0.0,0.0,0.0,0.0,0.0,23.0,0.0,4.8,0.0,0.0,0.0,9.5,0.0,15.7,7.8,0.0,0.0,0.0,0.0,0.0,8.4,0.0,110.7,186.0
388,0.0,0.0,8.5,0.0,0.0,0.0,0.0,0.0,0.0,0.0,0.0,0.0,20.6,5.7,17.6,0.0,0.0,0.0,0.0,0.0,0.0,23.0,0.0,0.0,9.5,0.0,0.0,9.5,0.0,0.0,7.8,0.0,0.0,0.0,0.0,0.0,8.4,0.0,110.6,188.0
257,0.0,0.0,8.5,0.0,0.0,0.0,0.0,0.0,0.0,0.0,7.3,0.0,20.6,0.0,17.6,11.3,0.0,0.0,0.0,0.0,0.0,23.0,0.0,0.0,0.0,0.0,0.0,0.0,0.0,0.0,7.8,0.0,7.6,0.0,0.0,0.0,0.0,6.9,110.6,188.0
382,0.0,0.0,0.0,0.0,0.0,0.0,0.0,0.0,0.0,0.0,7.3,0.0,20.6,0.0,17.6,0.0,0.0,0.0,0.0,18.8,0.0,0.0,0.0,4.8,9.5,0.0,0.0,0.0,0.0,15.7,7.8,0.0,0.0,0.0,0.0,0.0,8.4,0.0,110.5,190.0
389,0.0,0.0,0.0,0.0,0.0,0.0,0.0,0.0,0.0,0.0,0.0,0.0,20.6,5.7,17.6,0.0,0.0,0.0,0.0,0.0,0.0,23.0,8.4,0.0,9.5,0.0,0.0,9.5,0.0,0.0,7.8,0.0,0.0,0.0,0.0,0.0,8.4,0.0,110.5,190.0
264,0.0,13.4,0.0,0.0,0.0,0.0,0.0,0.0,0.0,0.0,7.3,0.0,20.6,0.0,0.0,0.0,0.0,0.0,0.0,0.0,0.0,23.0,0.0,4.8,0.0,0.0,0.0,9.5,0.0,15.7,7.8,0.0,0.0,0.0,0.0,0.0,8.4,0.0,110.5,190.0
391,0.0,13.4,8.5,0.0,0.0,0.0,0.0,0.0,0.0,0.0,0.0,0.0,20.6,0.0,0.0,0.0,0.0,0.0,0.0,18.8,0.0,0.0,0.0,0.0,0.0,0.0,0.0,9.5,0.0,15.7,7.8,0.0,7.6,0.0,0.0,0.0,8.4,0.0,110.30000000000001,193.0
280,0.0,13.4,0.0,0.0,0.0,7.5,0.0,0.0,0.0,17.2,7.3,0.0,20.6,0.0,0.0,0.0,0.0,0.0,0.0,18.8,0.0,0.0,0.0,0.0,0.0,0.0,0.0,9.5,0.0,0.0,0.0,0.0,7.6,0.0,0.0,0.0,8.4,0.0,110.29999999999998,194.0
476,0.0,13.4,0.0,0.0,0.0,0.0,0.0,0.0,0.0,0.0,0.0,0.0,20.6,0.0,0.0,0.0,0.0,0.0,0.0,18.8,0.0,0.0,8.4,0.0,0.0,0.0,0.0,9.5,0.0,15.7,7.8,0.0,7.6,0.0,0.0,0.0,8.4,0.0,110.2,195.0
411,0.0,13.4,0.0,0.0,0.0,7.5,0.0,0.0,0.0,0.0,0.0,0.0,20.6,0.0,0.0,0.0,0.0,0.0,0.0,18.8,0.0,0.0,0.0,0.0,0.0,0.0,8.5,9.5,0.0,15.7,7.8,0.0,0.0,0.0,0.0,0.0,8.4,0.0,110.2,195.0
274,0.0,0.0,8.5,0.0,0.0,7.5,0.0,0.0,0.0,17.2,0.0,0.0,20.6,0.0,0.0,0.0,0.0,0.0,0.0,0.0,0.0,23.0,0.0,0.0,0.0,0.0,0.0,9.5,0.0,0.0,7.8,0.0,7.6,0.0,0.0,0.0,8.4,0.0,110.1,197.0
408,0.0,0.0,0.0,0.0,0.0,7.5,0.0,0.0,0.0,0.0,7.3,0.0,20.6,0.0,0.0,0.0,13.7,0.0,0.0,0.0,0.0,23.0,0.0,0.0,0.0,0.0,0.0,0.0,0.0,15.7,7.8,0.0,7.6,0.0,0.0,0.0,0.0,6.9,110.1,197.0
506,0.0,13.4,0.0,0.0,0.0,0.0,0.0,0.0,0.0,0.0,7.3,0.0,20.6,0.0,0.0,0.0,0.0,0.0,0.0,18.8,0.0,0.0,0.0,0.0,0.0,0.0,8.5,9.5,0.0,15.7,7.8,0.0,0.0,0.0,0.0,0.0,8.4,0.0,110.00000000000001,199.0
407,0.0,0.0,8.5,0.0,0.0,7.5,0.0,0.0,0.0,0.0,0.0,0.0,20.6,0.0,0.0,0.0,13.7,0.0,0.0,0.0,0.0,23.0,0.0,4.8,0.0,0.0,0.0,0.0,0.0,15.7,7.8,0.0,0.0,0.0,0.0,0.0,8.4,0.0,110.0,200.0
475,0.0,13.4,0.0,0.0,0.0,0.0,0.0,0.0,0.0,17.2,0.0,0.0,20.6,0.0,0.0,0.0,0.0,0.0,0.0,18.8,0.0,0.0,0.0,4.8,9.5,0.0,0.0,9.5,0.0,0.0,7.8,0.0,0.0,0.0,0.0,0.0,8.4,0.0,109.99999999999999,201.0
385,0.0,0.0,8.5,0.0,0.0,0.0,0.0,0.0,0.0,17.2,7.3,0.0,20.6,0.0,0.0,0.0,0.0,0.0,0.0,0.0,0.0,23.0,0.0,0.0,0.0,0.0,0.0,9.5,0.0,0.0,7.8,0.0,7.6,0.0,0.0,0.0,8.4,0.0,109.89999999999999,202.0
484,0.0,0.0,0.0,0.0,0.0,7.5,0.0,0.0,0.0,0.0,0.0,0.0,20.6,0.0,0.0,0.0,13.7,0.0,0.0,0.0,0.0,23.0,8.4,4.8,0.0,0.0,0.0,0.0,0.0,15.7,7.8,0.0,0.0,0.0,0.0,0.0,8.4,0.0,109.89999999999999,202.0
472,0.0,0.0,0.0,0.0,0.0,0.0,0.0,0.0,0.0,17.2,7.3,0.0,20.6,0.0,0.0,0.0,0.0,0.0,0.0,0.0,0.0,23.0,8.4,0.0,0.0,0.0,0.0,9.5,0.0,0.0,7.8,0.0,7.6,0.0,0.0,0.0,8.4,0.0,109.8,204.0
471,0.0,0.0,8.5,0.0,0.0,0.0,0.0,0.0,0.0,0.0,7.3,0.0,20.6,0.0,0.0,0.0,13.7,0.0,0.0,0.0,0.0,23.0,0.0,4.8,0.0,0.0,0.0,0.0,0.0,15.7,7.8,0.0,0.0,0.0,0.0,0.0,8.4,0.0,109.8,204.0
505,0.0,0.0,0.0,0.0,0.0,0.0,0.0,0.0,0.0,0.0,7.3,0.0,20.6,0.0,0.0,0.0,13.7,0.0,0.0,0.0,0.0,23.0,8.4,4.8,0.0,0.0,0.0,0.0,0.0,15.7,7.8,0.0,0.0,0.0,0.0,0.0,8.4,0.0,109.69999999999999,206.0
401,0.0,0.0,0.0,0.0,0.0,7.5,0.0,0.0,0.0,0.0,0.0,0.0,20.6,0.0,0.0,0.0,13.7,0.0,0.0,18.8,0.0,0.0,0.0,0.0,9.5,0.0,0.0,0.0,0.0,15.7,7.8,0.0,7.6,0.0,0.0,0.0,8.4,0.0,109.60000000000001,207.0
465,0.0,0.0,0.0,0.0,0.0,0.0,0.0,0.0,0.0,0.0,7.3,0.0,20.6,0.0,0.0,0.0,13.7,0.0,0.0,18.8,0.0,0.0,0.0,0.0,9.5,0.0,0.0,0.0,0.0,15.7,7.8,0.0,7.6,0.0,0.0,0.0,8.4,0.0,109.4,208.0
480,0.0,0.0,8.5,0.0,0.0,7.5,0.0,0.0,0.0,17.2,0.0,0.0,20.6,0.0,0.0,0.0,0.0,0.0,0.0,18.8,0.0,0.0,0.0,4.8,0.0,0.0,0.0,0.0,0.0,15.7,7.8,0.0,0.0,0.0,0.0,0.0,8.4,0.0,109.3,209.0
507,0.0,0.0,0.0,0.0,0.0,7.5,0.0,0.0,0.0,17.2,0.0,0.0,20.6,5.7,0.0,0.0,13.7,0.0,0.0,18.8,0.0,0.0,0.0,0.0,9.5,0.0,0.0,0.0,0.0,0.0,7.8,0.0,0.0,0.0,0.0,0.0,8.4,0.0,109.2,210.0
501,0.0,0.0,8.5,0.0,0.0,0.0,0.0,0.0,0.0,17.2,7.3,0.0,20.6,0.0,0.0,0.0,0.0,0.0,0.0,18.8,0.0,0.0,0.0,4.8,0.0,0.0,0.0,0.0,0.0,15.7,7.8,0.0,0.0,0.0,0.0,0.0,8.4,0.0,109.1,211.0
510,0.0,0.0,0.0,0.0,0.0,0.0,0.0,0.0,0.0,17.2,7.3,0.0,20.6,0.0,0.0,0.0,0.0,0.0,0.0,18.8,0.0,0.0,8.4,4.8,0.0,0.0,0.0,0.0,0.0,15.7,7.8,0.0,0.0,0.0,0.0,0.0,8.4,0.0,108.99999999999999,212.0
